feature,feature,type,p_value,relevant
F_x__value_count__value_-1,F_x__value_count__value_-1,real,1.8796325601550807e-12,True
F_x__root_mean_square,F_x__root_mean_square,real,5.900085710681437e-12,True
F_x__abs_energy,F_x__abs_energy,real,5.900085710681437e-12,True
T_y__absolute_maximum,T_y__absolute_maximum,real,5.9663951691677585e-12,True
F_x__mean_n_absolute_max__number_of_maxima_7,F_x__mean_n_absolute_max__number_of_maxima_7,real,6.054628250107047e-12,True
F_x__range_count__max_1__min_-1,F_x__range_count__max_1__min_-1,real,6.268453264379724e-12,True
F_y__abs_energy,F_y__abs_energy,real,6.32767439193722e-12,True
F_y__root_mean_square,F_y__root_mean_square,real,6.32767439193722e-12,True
F_y__mean_n_absolute_max__number_of_maxima_7,F_y__mean_n_absolute_max__number_of_maxima_7,real,6.522228477009674e-12,True
T_y__variance,T_y__variance,real,6.778390144511301e-12,True
T_y__standard_deviation,T_y__standard_deviation,real,6.778390144511301e-12,True
F_y__absolute_maximum,F_y__absolute_maximum,real,8.071110744841609e-12,True
T_x__absolute_maximum,T_x__absolute_maximum,real,8.275455499603252e-12,True
"F_x__fft_coefficient__attr_""abs""__coeff_1","F_x__fft_coefficient__attr_""abs""__coeff_1",real,8.320728956656362e-12,True
F_x__absolute_maximum,F_x__absolute_maximum,real,8.767128835160237e-12,True
"T_y__fft_coefficient__attr_""abs""__coeff_1","T_y__fft_coefficient__attr_""abs""__coeff_1",real,9.538182892330397e-12,True
T_y__abs_energy,T_y__abs_energy,real,1.2511591412277797e-11,True
T_y__root_mean_square,T_y__root_mean_square,real,1.2511591412277797e-11,True
T_y__mean_n_absolute_max__number_of_maxima_7,T_y__mean_n_absolute_max__number_of_maxima_7,real,1.2841281101593078e-11,True
F_z__standard_deviation,F_z__standard_deviation,real,1.2942221408032517e-11,True
"F_z__agg_linear_trend__attr_""intercept""__chunk_len_10__f_agg_""var""","F_z__agg_linear_trend__attr_""intercept""__chunk_len_10__f_agg_""var""",real,1.3390112418264951e-11,True
F_z__variance,F_z__variance,real,1.3390112418264951e-11,True
F_x__variance,F_x__variance,real,2.1431549836681396e-11,True
F_x__standard_deviation,F_x__standard_deviation,real,2.1431549836681396e-11,True
F_x__ratio_value_number_to_time_series_length,F_x__ratio_value_number_to_time_series_length,real,2.611579911458662e-11,True
T_x__standard_deviation,T_x__standard_deviation,real,3.1991781530757575e-11,True
T_x__variance,T_x__variance,real,3.1991781530757575e-11,True
"T_x__fft_coefficient__attr_""abs""__coeff_1","T_x__fft_coefficient__attr_""abs""__coeff_1",real,3.4186084919034485e-11,True
"T_y__fft_coefficient__attr_""abs""__coeff_2","T_y__fft_coefficient__attr_""abs""__coeff_2",real,3.6527464630480616e-11,True
F_x__cid_ce__normalize_True,F_x__cid_ce__normalize_True,real,3.902553926836801e-11,True
F_x__partial_autocorrelation__lag_1,F_x__partial_autocorrelation__lag_1,real,5.0789552160626784e-11,True
F_x__autocorrelation__lag_1,F_x__autocorrelation__lag_1,real,5.079941567741276e-11,True
T_y__percentage_of_reoccurring_datapoints_to_all_datapoints,T_y__percentage_of_reoccurring_datapoints_to_all_datapoints,real,5.238824748550373e-11,True
T_x__mean_n_absolute_max__number_of_maxima_7,T_x__mean_n_absolute_max__number_of_maxima_7,real,5.243500246154705e-11,True
"T_y__fft_coefficient__attr_""abs""__coeff_4","T_y__fft_coefficient__attr_""abs""__coeff_4",real,5.792539586687231e-11,True
T_x__ratio_value_number_to_time_series_length,T_x__ratio_value_number_to_time_series_length,real,5.846879512864067e-11,True
F_x__lempel_ziv_complexity__bins_100,F_x__lempel_ziv_complexity__bins_100,real,5.904946999543364e-11,True
"F_z__agg_linear_trend__attr_""intercept""__chunk_len_10__f_agg_""min""","F_z__agg_linear_trend__attr_""intercept""__chunk_len_10__f_agg_""min""",real,7.180967720613232e-11,True
"F_y__fft_coefficient__attr_""abs""__coeff_0","F_y__fft_coefficient__attr_""abs""__coeff_0",real,7.249961060790902e-11,True
T_y__percentage_of_reoccurring_values_to_all_values,T_y__percentage_of_reoccurring_values_to_all_values,real,7.651797793877189e-11,True
"T_y__fft_coefficient__attr_""abs""__coeff_3","T_y__fft_coefficient__attr_""abs""__coeff_3",real,8.029369594299759e-11,True
T_x__root_mean_square,T_x__root_mean_square,real,8.568832941489471e-11,True
T_x__abs_energy,T_x__abs_energy,real,8.568832941489471e-11,True
"F_x__fft_coefficient__attr_""abs""__coeff_2","F_x__fft_coefficient__attr_""abs""__coeff_2",real,8.568832941489471e-11,True
"T_y__agg_linear_trend__attr_""intercept""__chunk_len_10__f_agg_""var""","T_y__agg_linear_trend__attr_""intercept""__chunk_len_10__f_agg_""var""",real,9.754342407034966e-11,True
"F_z__fft_coefficient__attr_""abs""__coeff_1","F_z__fft_coefficient__attr_""abs""__coeff_1",real,9.75618185702754e-11,True
"F_y__fft_coefficient__attr_""abs""__coeff_1","F_y__fft_coefficient__attr_""abs""__coeff_1",real,9.75618185702754e-11,True
"T_x__fft_coefficient__attr_""abs""__coeff_5","T_x__fft_coefficient__attr_""abs""__coeff_5",real,1.1101808138653506e-10,True
"T_x__fft_coefficient__attr_""abs""__coeff_2","T_x__fft_coefficient__attr_""abs""__coeff_2",real,1.1103889310651293e-10,True
"F_x__fft_coefficient__attr_""abs""__coeff_0","F_x__fft_coefficient__attr_""abs""__coeff_0",real,1.1736345821222708e-10,True
"F_x__agg_linear_trend__attr_""intercept""__chunk_len_10__f_agg_""var""","F_x__agg_linear_trend__attr_""intercept""__chunk_len_10__f_agg_""var""",real,1.22210740704581e-10,True
T_z__mean_n_absolute_max__number_of_maxima_7,T_z__mean_n_absolute_max__number_of_maxima_7,real,1.329628990173087e-10,True
T_z__abs_energy,T_z__abs_energy,real,1.526039544321626e-10,True
T_z__root_mean_square,T_z__root_mean_square,real,1.526039544321626e-10,True
T_y__ratio_value_number_to_time_series_length,T_y__ratio_value_number_to_time_series_length,real,1.5828144217847597e-10,True
F_y__variance,F_y__variance,real,1.9785060804030338e-10,True
"T_x__agg_linear_trend__attr_""intercept""__chunk_len_10__f_agg_""var""","T_x__agg_linear_trend__attr_""intercept""__chunk_len_10__f_agg_""var""",real,1.9785060804030338e-10,True
F_y__standard_deviation,F_y__standard_deviation,real,1.9785060804030338e-10,True
T_z__variance,T_z__variance,real,2.3172027854100977e-10,True
T_z__standard_deviation,T_z__standard_deviation,real,2.3172027854100977e-10,True
F_x__variance_larger_than_standard_deviation,F_x__variance_larger_than_standard_deviation,binary,2.4723465997831144e-10,True
"F_x__change_quantiles__f_agg_""var""__isabs_True__qh_1.0__ql_0.2","F_x__change_quantiles__f_agg_""var""__isabs_True__qh_1.0__ql_0.2",real,2.549528015781566e-10,True
"F_x__fft_coefficient__attr_""abs""__coeff_4","F_x__fft_coefficient__attr_""abs""__coeff_4",real,2.550907323955519e-10,True
F_z__minimum,F_z__minimum,real,2.5864689002547456e-10,True
T_z__range_count__max_1__min_-1,T_z__range_count__max_1__min_-1,real,2.6043533146360124e-10,True
"T_z__agg_linear_trend__attr_""intercept""__chunk_len_10__f_agg_""var""","T_z__agg_linear_trend__attr_""intercept""__chunk_len_10__f_agg_""var""",real,3.0789051778961815e-10,True
"T_x__fft_coefficient__attr_""abs""__coeff_4","T_x__fft_coefficient__attr_""abs""__coeff_4",real,3.0844108925616406e-10,True
"F_x__fft_coefficient__attr_""abs""__coeff_3","F_x__fft_coefficient__attr_""abs""__coeff_3",real,3.389668723045513e-10,True
"T_y__linear_trend__attr_""stderr""","T_y__linear_trend__attr_""stderr""",real,3.498037372837806e-10,True
T_z__absolute_maximum,T_z__absolute_maximum,real,3.573952272181784e-10,True
F_x__percentage_of_reoccurring_datapoints_to_all_datapoints,F_x__percentage_of_reoccurring_datapoints_to_all_datapoints,real,3.70295346022884e-10,True
"F_z__fft_coefficient__attr_""abs""__coeff_3","F_z__fft_coefficient__attr_""abs""__coeff_3",real,3.96705399003037e-10,True
"F_z__fft_coefficient__attr_""abs""__coeff_6","F_z__fft_coefficient__attr_""abs""__coeff_6",real,4.496472104163114e-10,True
F_y__ratio_value_number_to_time_series_length,F_y__ratio_value_number_to_time_series_length,real,4.5237416748975223e-10,True
"F_z__fft_aggregated__aggtype_""centroid""","F_z__fft_aggregated__aggtype_""centroid""",real,4.786441675421311e-10,True
T_z__ratio_value_number_to_time_series_length,T_z__ratio_value_number_to_time_series_length,real,4.803747941886936e-10,True
"F_x__fft_aggregated__aggtype_""variance""","F_x__fft_aggregated__aggtype_""variance""",real,5.094633616492858e-10,True
"F_z__fft_coefficient__attr_""abs""__coeff_2","F_z__fft_coefficient__attr_""abs""__coeff_2",real,5.422161675999399e-10,True
T_x__percentage_of_reoccurring_datapoints_to_all_datapoints,T_x__percentage_of_reoccurring_datapoints_to_all_datapoints,real,5.817251453465913e-10,True
F_y__range_count__max_1__min_-1,F_y__range_count__max_1__min_-1,real,6.405554675418554e-10,True
"T_z__fft_coefficient__attr_""abs""__coeff_1","T_z__fft_coefficient__attr_""abs""__coeff_1",real,6.531789032460642e-10,True
"F_x__agg_linear_trend__attr_""stderr""__chunk_len_5__f_agg_""mean""","F_x__agg_linear_trend__attr_""stderr""__chunk_len_5__f_agg_""mean""",real,7.158819151779476e-10,True
"T_x__fft_coefficient__attr_""abs""__coeff_3","T_x__fft_coefficient__attr_""abs""__coeff_3",real,7.393667087664252e-10,True
F_z__sum_of_reoccurring_data_points,F_z__sum_of_reoccurring_data_points,real,7.533693703183828e-10,True
"F_x__change_quantiles__f_agg_""var""__isabs_False__qh_1.0__ql_0.2","F_x__change_quantiles__f_agg_""var""__isabs_False__qh_1.0__ql_0.2",real,8.108115414908786e-10,True
"T_y__change_quantiles__f_agg_""var""__isabs_True__qh_1.0__ql_0.0","T_y__change_quantiles__f_agg_""var""__isabs_True__qh_1.0__ql_0.0",real,8.361852086040387e-10,True
"F_z__fft_coefficient__attr_""abs""__coeff_4","F_z__fft_coefficient__attr_""abs""__coeff_4",real,8.364696698925267e-10,True
"T_y__agg_linear_trend__attr_""stderr""__chunk_len_5__f_agg_""var""","T_y__agg_linear_trend__attr_""stderr""__chunk_len_5__f_agg_""var""",real,8.364696698925267e-10,True
"T_z__fft_coefficient__attr_""abs""__coeff_0","T_z__fft_coefficient__attr_""abs""__coeff_0",real,8.488110851320793e-10,True
"F_x__change_quantiles__f_agg_""mean""__isabs_True__qh_1.0__ql_0.2","F_x__change_quantiles__f_agg_""mean""__isabs_True__qh_1.0__ql_0.2",real,8.59700656916805e-10,True
"F_x__linear_trend__attr_""stderr""","F_x__linear_trend__attr_""stderr""",real,9.459711044620326e-10,True
F_z__approximate_entropy__m_2__r_0.9,F_z__approximate_entropy__m_2__r_0.9,real,1.0629583895762747e-09,True
"T_y__change_quantiles__f_agg_""var""__isabs_True__qh_1.0__ql_0.2","T_y__change_quantiles__f_agg_""var""__isabs_True__qh_1.0__ql_0.2",real,1.0694067740250392e-09,True
F_z__quantile__q_0.1,F_z__quantile__q_0.1,real,1.2048708272551132e-09,True
T_y__approximate_entropy__m_2__r_0.9,T_y__approximate_entropy__m_2__r_0.9,real,1.2751321242917334e-09,True
"T_z__fft_coefficient__attr_""abs""__coeff_4","T_z__fft_coefficient__attr_""abs""__coeff_4",real,1.3649390887556825e-09,True
"F_z__agg_linear_trend__attr_""stderr""__chunk_len_5__f_agg_""var""","F_z__agg_linear_trend__attr_""stderr""__chunk_len_5__f_agg_""var""",real,1.450755729050301e-09,True
T_x__approximate_entropy__m_2__r_0.9,T_x__approximate_entropy__m_2__r_0.9,real,1.5314352792923405e-09,True
"F_z__agg_linear_trend__attr_""intercept""__chunk_len_5__f_agg_""min""","F_z__agg_linear_trend__attr_""intercept""__chunk_len_5__f_agg_""min""",real,1.5400441811956652e-09,True
"F_x__change_quantiles__f_agg_""var""__isabs_True__qh_0.8__ql_0.2","F_x__change_quantiles__f_agg_""var""__isabs_True__qh_0.8__ql_0.2",real,1.7310152993614187e-09,True
T_z__lempel_ziv_complexity__bins_100,T_z__lempel_ziv_complexity__bins_100,real,1.7477053469096997e-09,True
"F_z__fft_aggregated__aggtype_""skew""","F_z__fft_aggregated__aggtype_""skew""",real,1.7932250097689096e-09,True
T_x__percentage_of_reoccurring_values_to_all_values,T_x__percentage_of_reoccurring_values_to_all_values,real,1.813199554081702e-09,True
"T_z__fft_coefficient__attr_""abs""__coeff_2","T_z__fft_coefficient__attr_""abs""__coeff_2",real,1.8482174199178698e-09,True
F_z__ratio_value_number_to_time_series_length,F_z__ratio_value_number_to_time_series_length,real,1.9988990890910787e-09,True
F_z__percentage_of_reoccurring_datapoints_to_all_datapoints,F_z__percentage_of_reoccurring_datapoints_to_all_datapoints,real,2.2154717073090123e-09,True
"F_y__fft_coefficient__attr_""abs""__coeff_2","F_y__fft_coefficient__attr_""abs""__coeff_2",real,2.351817713204398e-09,True
F_y__percentage_of_reoccurring_datapoints_to_all_datapoints,F_y__percentage_of_reoccurring_datapoints_to_all_datapoints,real,2.43079471510779e-09,True
T_y__cid_ce__normalize_False,T_y__cid_ce__normalize_False,real,2.6499712590145544e-09,True
"F_z__fft_aggregated__aggtype_""variance""","F_z__fft_aggregated__aggtype_""variance""",real,2.651244783308888e-09,True
"T_x__change_quantiles__f_agg_""mean""__isabs_True__qh_0.8__ql_0.0","T_x__change_quantiles__f_agg_""mean""__isabs_True__qh_0.8__ql_0.0",real,2.894785498489171e-09,True
F_x__cid_ce__normalize_False,F_x__cid_ce__normalize_False,real,3.258661665951878e-09,True
"T_y__change_quantiles__f_agg_""var""__isabs_True__qh_0.6__ql_0.0","T_y__change_quantiles__f_agg_""var""__isabs_True__qh_0.6__ql_0.0",real,3.2658953077968343e-09,True
F_y__lempel_ziv_complexity__bins_100,F_y__lempel_ziv_complexity__bins_100,real,3.475166728157154e-09,True
"F_x__agg_linear_trend__attr_""stderr""__chunk_len_5__f_agg_""min""","F_x__agg_linear_trend__attr_""stderr""__chunk_len_5__f_agg_""min""",real,3.5028969485711814e-09,True
T_x__mean_abs_change,T_x__mean_abs_change,real,3.562537827909918e-09,True
"T_x__change_quantiles__f_agg_""mean""__isabs_True__qh_1.0__ql_0.0","T_x__change_quantiles__f_agg_""mean""__isabs_True__qh_1.0__ql_0.0",real,3.562537827909918e-09,True
T_x__absolute_sum_of_changes,T_x__absolute_sum_of_changes,real,3.562537827909918e-09,True
"T_z__linear_trend__attr_""stderr""","T_z__linear_trend__attr_""stderr""",real,3.5709704958744874e-09,True
"T_x__agg_linear_trend__attr_""stderr""__chunk_len_5__f_agg_""var""","T_x__agg_linear_trend__attr_""stderr""__chunk_len_5__f_agg_""var""",real,3.5715333046128523e-09,True
T_x__cid_ce__normalize_False,T_x__cid_ce__normalize_False,real,3.9012683025563735e-09,True
"T_y__change_quantiles__f_agg_""var""__isabs_True__qh_0.8__ql_0.0","T_y__change_quantiles__f_agg_""var""__isabs_True__qh_0.8__ql_0.0",real,4.020985411804902e-09,True
"F_z__linear_trend__attr_""stderr""","F_z__linear_trend__attr_""stderr""",real,4.020985411804902e-09,True
T_y__cid_ce__normalize_True,T_y__cid_ce__normalize_True,real,4.265898470746578e-09,True
"T_y__agg_linear_trend__attr_""stderr""__chunk_len_5__f_agg_""min""","T_y__agg_linear_trend__attr_""stderr""__chunk_len_5__f_agg_""min""",real,4.298817700878668e-09,True
"F_x__change_quantiles__f_agg_""var""__isabs_True__qh_0.6__ql_0.0","F_x__change_quantiles__f_agg_""var""__isabs_True__qh_0.6__ql_0.0",real,4.3827978736326365e-09,True
T_z__variance_larger_than_standard_deviation,T_z__variance_larger_than_standard_deviation,binary,4.636047586862167e-09,True
T_y__spkt_welch_density__coeff_2,T_y__spkt_welch_density__coeff_2,real,4.800039447487535e-09,True
F_z__percentage_of_reoccurring_values_to_all_values,F_z__percentage_of_reoccurring_values_to_all_values,real,4.875920387176741e-09,True
F_x__longest_strike_above_mean,F_x__longest_strike_above_mean,real,5.108073038280142e-09,True
"T_y__fft_coefficient__attr_""abs""__coeff_5","T_y__fft_coefficient__attr_""abs""__coeff_5",real,5.38575032026804e-09,True
"T_y__agg_linear_trend__attr_""stderr""__chunk_len_5__f_agg_""mean""","T_y__agg_linear_trend__attr_""stderr""__chunk_len_5__f_agg_""mean""",real,5.893606495920485e-09,True
F_x__spkt_welch_density__coeff_2,F_x__spkt_welch_density__coeff_2,real,6.436066256201292e-09,True
"F_x__change_quantiles__f_agg_""var""__isabs_True__qh_1.0__ql_0.0","F_x__change_quantiles__f_agg_""var""__isabs_True__qh_1.0__ql_0.0",real,6.620723436705536e-09,True
"F_x__change_quantiles__f_agg_""mean""__isabs_True__qh_0.6__ql_0.0","F_x__change_quantiles__f_agg_""mean""__isabs_True__qh_0.6__ql_0.0",real,6.790886524881017e-09,True
"F_y__agg_linear_trend__attr_""intercept""__chunk_len_10__f_agg_""var""","F_y__agg_linear_trend__attr_""intercept""__chunk_len_10__f_agg_""var""",real,7.231377358702465e-09,True
F_z__quantile__q_0.2,F_z__quantile__q_0.2,real,7.4101149966806765e-09,True
"F_x__change_quantiles__f_agg_""var""__isabs_False__qh_0.6__ql_0.0","F_x__change_quantiles__f_agg_""var""__isabs_False__qh_0.6__ql_0.0",real,7.655415371290918e-09,True
"T_z__change_quantiles__f_agg_""mean""__isabs_True__qh_1.0__ql_0.0","T_z__change_quantiles__f_agg_""mean""__isabs_True__qh_1.0__ql_0.0",real,7.757237834608619e-09,True
T_z__absolute_sum_of_changes,T_z__absolute_sum_of_changes,real,7.757237834608619e-09,True
T_z__mean_abs_change,T_z__mean_abs_change,real,7.757237834608619e-09,True
T_z__cid_ce__normalize_False,T_z__cid_ce__normalize_False,real,7.836117536323879e-09,True
"F_x__change_quantiles__f_agg_""var""__isabs_True__qh_0.8__ql_0.0","F_x__change_quantiles__f_agg_""var""__isabs_True__qh_0.8__ql_0.0",real,8.118280237473572e-09,True
"T_x__change_quantiles__f_agg_""var""__isabs_True__qh_0.8__ql_0.0","T_x__change_quantiles__f_agg_""var""__isabs_True__qh_0.8__ql_0.0",real,8.12317054920319e-09,True
"T_x__linear_trend__attr_""stderr""","T_x__linear_trend__attr_""stderr""",real,8.124393534211006e-09,True
F_y__cid_ce__normalize_True,F_y__cid_ce__normalize_True,real,8.124393534211006e-09,True
F_x__mean_abs_change,F_x__mean_abs_change,real,8.290943707169664e-09,True
"F_x__change_quantiles__f_agg_""mean""__isabs_True__qh_1.0__ql_0.0","F_x__change_quantiles__f_agg_""mean""__isabs_True__qh_1.0__ql_0.0",real,8.290943707169664e-09,True
F_x__absolute_sum_of_changes,F_x__absolute_sum_of_changes,real,8.290943707169664e-09,True
"T_x__change_quantiles__f_agg_""var""__isabs_True__qh_1.0__ql_0.0","T_x__change_quantiles__f_agg_""var""__isabs_True__qh_1.0__ql_0.0",real,8.362311941113488e-09,True
"T_y__change_quantiles__f_agg_""var""__isabs_False__qh_1.0__ql_0.0","T_y__change_quantiles__f_agg_""var""__isabs_False__qh_1.0__ql_0.0",real,9.665915985746508e-09,True
"T_z__fft_coefficient__attr_""abs""__coeff_5","T_z__fft_coefficient__attr_""abs""__coeff_5",real,9.708881158762472e-09,True
"F_z__change_quantiles__f_agg_""mean""__isabs_True__qh_1.0__ql_0.0","F_z__change_quantiles__f_agg_""mean""__isabs_True__qh_1.0__ql_0.0",real,1.0212947859195306e-08,True
F_z__absolute_sum_of_changes,F_z__absolute_sum_of_changes,real,1.0212947859195306e-08,True
F_z__mean_abs_change,F_z__mean_abs_change,real,1.0212947859195306e-08,True
"T_y__fft_coefficient__attr_""abs""__coeff_7","T_y__fft_coefficient__attr_""abs""__coeff_7",real,1.084780055123968e-08,True
F_z__cid_ce__normalize_False,F_z__cid_ce__normalize_False,real,1.084780055123968e-08,True
"F_z__change_quantiles__f_agg_""mean""__isabs_True__qh_0.8__ql_0.0","F_z__change_quantiles__f_agg_""mean""__isabs_True__qh_0.8__ql_0.0",real,1.2503612843844637e-08,True
"T_y__change_quantiles__f_agg_""var""__isabs_True__qh_0.8__ql_0.2","T_y__change_quantiles__f_agg_""var""__isabs_True__qh_0.8__ql_0.2",real,1.2867238961055796e-08,True
F_y__value_count__value_-1,F_y__value_count__value_-1,real,1.289989298899711e-08,True
F_z__sum_of_reoccurring_values,F_z__sum_of_reoccurring_values,real,1.3250822567124944e-08,True
"T_y__fft_aggregated__aggtype_""variance""","T_y__fft_aggregated__aggtype_""variance""",real,1.5299070177530293e-08,True
"F_y__fft_coefficient__attr_""abs""__coeff_4","F_y__fft_coefficient__attr_""abs""__coeff_4",real,1.5299070177530293e-08,True
"F_x__change_quantiles__f_agg_""var""__isabs_False__qh_0.8__ql_0.0","F_x__change_quantiles__f_agg_""var""__isabs_False__qh_0.8__ql_0.0",real,1.61914155439589e-08,True
"T_x__agg_linear_trend__attr_""stderr""__chunk_len_5__f_agg_""mean""","T_x__agg_linear_trend__attr_""stderr""__chunk_len_5__f_agg_""mean""",real,1.6196099847066445e-08,True
"T_x__change_quantiles__f_agg_""mean""__isabs_True__qh_0.6__ql_0.0","T_x__change_quantiles__f_agg_""mean""__isabs_True__qh_0.6__ql_0.0",real,1.66131078417437e-08,True
"F_y__fft_coefficient__attr_""abs""__coeff_3","F_y__fft_coefficient__attr_""abs""__coeff_3",real,1.7141654722200224e-08,True
"F_z__change_quantiles__f_agg_""mean""__isabs_True__qh_0.6__ql_0.0","F_z__change_quantiles__f_agg_""mean""__isabs_True__qh_0.6__ql_0.0",real,1.809648144789738e-08,True
"T_z__change_quantiles__f_agg_""var""__isabs_False__qh_0.8__ql_0.0","T_z__change_quantiles__f_agg_""var""__isabs_False__qh_0.8__ql_0.0",real,1.86438733510245e-08,True
"F_x__agg_linear_trend__attr_""stderr""__chunk_len_5__f_agg_""var""","F_x__agg_linear_trend__attr_""stderr""__chunk_len_5__f_agg_""var""",real,1.8662601091684284e-08,True
"F_x__change_quantiles__f_agg_""var""__isabs_False__qh_1.0__ql_0.0","F_x__change_quantiles__f_agg_""var""__isabs_False__qh_1.0__ql_0.0",real,2.0311366028903993e-08,True
"T_y__fft_coefficient__attr_""abs""__coeff_6","T_y__fft_coefficient__attr_""abs""__coeff_6",real,2.0322962388314404e-08,True
"T_x__change_quantiles__f_agg_""var""__isabs_True__qh_0.6__ql_0.0","T_x__change_quantiles__f_agg_""var""__isabs_True__qh_0.6__ql_0.0",real,2.0899687536701587e-08,True
"F_x__change_quantiles__f_agg_""mean""__isabs_True__qh_0.8__ql_0.0","F_x__change_quantiles__f_agg_""mean""__isabs_True__qh_0.8__ql_0.0",real,2.1382512281122526e-08,True
"T_y__change_quantiles__f_agg_""var""__isabs_False__qh_1.0__ql_0.2","T_y__change_quantiles__f_agg_""var""__isabs_False__qh_1.0__ql_0.2",real,2.150452753106722e-08,True
"T_x__change_quantiles__f_agg_""var""__isabs_False__qh_1.0__ql_0.0","T_x__change_quantiles__f_agg_""var""__isabs_False__qh_1.0__ql_0.0",real,2.2752666635345353e-08,True
"T_z__change_quantiles__f_agg_""var""__isabs_False__qh_1.0__ql_0.0","T_z__change_quantiles__f_agg_""var""__isabs_False__qh_1.0__ql_0.0",real,2.3313579444054406e-08,True
"T_z__fft_coefficient__attr_""abs""__coeff_6","T_z__fft_coefficient__attr_""abs""__coeff_6",real,2.3389586109891325e-08,True
"T_y__change_quantiles__f_agg_""var""__isabs_False__qh_0.6__ql_0.0","T_y__change_quantiles__f_agg_""var""__isabs_False__qh_0.6__ql_0.0",real,2.3399516031363234e-08,True
"T_x__fft_coefficient__attr_""abs""__coeff_6","T_x__fft_coefficient__attr_""abs""__coeff_6",real,2.4071004396186253e-08,True
"T_x__change_quantiles__f_agg_""mean""__isabs_True__qh_0.4__ql_0.0","T_x__change_quantiles__f_agg_""mean""__isabs_True__qh_0.4__ql_0.0",real,2.4542082911033468e-08,True
F_x__approximate_entropy__m_2__r_0.1,F_x__approximate_entropy__m_2__r_0.1,real,2.4821874059765088e-08,True
"F_z__agg_linear_trend__attr_""stderr""__chunk_len_5__f_agg_""mean""","F_z__agg_linear_trend__attr_""stderr""__chunk_len_5__f_agg_""mean""",real,2.618485285153162e-08,True
"F_y__fft_coefficient__attr_""abs""__coeff_5","F_y__fft_coefficient__attr_""abs""__coeff_5",real,2.8386959838385907e-08,True
"T_y__change_quantiles__f_agg_""mean""__isabs_True__qh_0.6__ql_0.0","T_y__change_quantiles__f_agg_""mean""__isabs_True__qh_0.6__ql_0.0",real,2.923771690180035e-08,True
"T_y__change_quantiles__f_agg_""mean""__isabs_True__qh_1.0__ql_0.2","T_y__change_quantiles__f_agg_""mean""__isabs_True__qh_1.0__ql_0.2",real,2.9258129703962043e-08,True
T_y__partial_autocorrelation__lag_1,T_y__partial_autocorrelation__lag_1,real,3.012569077302757e-08,True
T_y__autocorrelation__lag_1,T_y__autocorrelation__lag_1,real,3.012569077302757e-08,True
"T_x__change_quantiles__f_agg_""mean""__isabs_True__qh_1.0__ql_0.2","T_x__change_quantiles__f_agg_""mean""__isabs_True__qh_1.0__ql_0.2",real,3.086747092321308e-08,True
"T_z__change_quantiles__f_agg_""var""__isabs_True__qh_1.0__ql_0.0","T_z__change_quantiles__f_agg_""var""__isabs_True__qh_1.0__ql_0.0",real,3.0919047834373006e-08,True
"T_x__change_quantiles__f_agg_""var""__isabs_False__qh_0.8__ql_0.0","T_x__change_quantiles__f_agg_""var""__isabs_False__qh_0.8__ql_0.0",real,3.368337213754013e-08,True
"T_x__fft_coefficient__attr_""abs""__coeff_7","T_x__fft_coefficient__attr_""abs""__coeff_7",real,3.368337213754013e-08,True
"F_z__fft_coefficient__attr_""abs""__coeff_7","F_z__fft_coefficient__attr_""abs""__coeff_7",real,3.368337213754013e-08,True
"T_z__change_quantiles__f_agg_""mean""__isabs_True__qh_0.8__ql_0.0","T_z__change_quantiles__f_agg_""mean""__isabs_True__qh_0.8__ql_0.0",real,3.4083521093575474e-08,True
"T_z__agg_linear_trend__attr_""stderr""__chunk_len_5__f_agg_""var""","T_z__agg_linear_trend__attr_""stderr""__chunk_len_5__f_agg_""var""",real,3.558727288750474e-08,True
T_x__cid_ce__normalize_True,T_x__cid_ce__normalize_True,real,3.561181736660256e-08,True
"F_x__change_quantiles__f_agg_""mean""__isabs_True__qh_1.0__ql_0.4","F_x__change_quantiles__f_agg_""mean""__isabs_True__qh_1.0__ql_0.4",real,3.738413957027027e-08,True
T_y__absolute_sum_of_changes,T_y__absolute_sum_of_changes,real,3.855828118914056e-08,True
"T_y__change_quantiles__f_agg_""mean""__isabs_True__qh_1.0__ql_0.0","T_y__change_quantiles__f_agg_""mean""__isabs_True__qh_1.0__ql_0.0",real,3.855828118914056e-08,True
T_y__mean_abs_change,T_y__mean_abs_change,real,3.855828118914056e-08,True
"T_y__change_quantiles__f_agg_""var""__isabs_True__qh_1.0__ql_0.6","T_y__change_quantiles__f_agg_""var""__isabs_True__qh_1.0__ql_0.6",real,3.8968958868032485e-08,True
"T_z__change_quantiles__f_agg_""var""__isabs_False__qh_0.6__ql_0.0","T_z__change_quantiles__f_agg_""var""__isabs_False__qh_0.6__ql_0.0",real,4.080148756485363e-08,True
"F_y__agg_linear_trend__attr_""stderr""__chunk_len_5__f_agg_""var""","F_y__agg_linear_trend__attr_""stderr""__chunk_len_5__f_agg_""var""",real,4.2050248494422246e-08,True
"F_y__change_quantiles__f_agg_""mean""__isabs_True__qh_1.0__ql_0.4","F_y__change_quantiles__f_agg_""mean""__isabs_True__qh_1.0__ql_0.4",real,4.551220531354686e-08,True
"F_z__fft_coefficient__attr_""abs""__coeff_5","F_z__fft_coefficient__attr_""abs""__coeff_5",real,4.6963713382807475e-08,True
"T_y__change_quantiles__f_agg_""var""__isabs_True__qh_1.0__ql_0.4","T_y__change_quantiles__f_agg_""var""__isabs_True__qh_1.0__ql_0.4",real,4.697007837699998e-08,True
"T_y__change_quantiles__f_agg_""var""__isabs_True__qh_0.4__ql_0.0","T_y__change_quantiles__f_agg_""var""__isabs_True__qh_0.4__ql_0.0",real,4.7976862911812746e-08,True
"F_x__linear_trend__attr_""pvalue""","F_x__linear_trend__attr_""pvalue""",real,4.963819621985887e-08,True
"F_z__change_quantiles__f_agg_""var""__isabs_True__qh_0.8__ql_0.0","F_z__change_quantiles__f_agg_""var""__isabs_True__qh_0.8__ql_0.0",real,4.963819621985887e-08,True
"F_x__change_quantiles__f_agg_""var""__isabs_False__qh_0.4__ql_0.0","F_x__change_quantiles__f_agg_""var""__isabs_False__qh_0.4__ql_0.0",real,5.0762524199096646e-08,True
T_z__percentage_of_reoccurring_datapoints_to_all_datapoints,T_z__percentage_of_reoccurring_datapoints_to_all_datapoints,real,5.138932080878616e-08,True
"F_x__change_quantiles__f_agg_""mean""__isabs_True__qh_0.4__ql_0.0","F_x__change_quantiles__f_agg_""mean""__isabs_True__qh_0.4__ql_0.0",real,5.165359818849389e-08,True
"T_y__fft_coefficient__attr_""abs""__coeff_0","T_y__fft_coefficient__attr_""abs""__coeff_0",real,5.238944594671196e-08,True
F_z__cid_ce__normalize_True,F_z__cid_ce__normalize_True,real,5.5407221800712675e-08,True
"F_z__change_quantiles__f_agg_""var""__isabs_True__qh_1.0__ql_0.0","F_z__change_quantiles__f_agg_""var""__isabs_True__qh_1.0__ql_0.0",real,5.5407221800712675e-08,True
"F_z__fft_aggregated__aggtype_""kurtosis""","F_z__fft_aggregated__aggtype_""kurtosis""",real,5.6940405761912905e-08,True
T_y__lempel_ziv_complexity__bins_100,T_y__lempel_ziv_complexity__bins_100,real,5.6971301752487256e-08,True
"T_z__change_quantiles__f_agg_""mean""__isabs_True__qh_0.6__ql_0.0","T_z__change_quantiles__f_agg_""mean""__isabs_True__qh_0.6__ql_0.0",real,5.935732954492356e-08,True
F_y__percentage_of_reoccurring_values_to_all_values,F_y__percentage_of_reoccurring_values_to_all_values,real,5.976949036199216e-08,True
"T_y__change_quantiles__f_agg_""mean""__isabs_True__qh_0.8__ql_0.2","T_y__change_quantiles__f_agg_""mean""__isabs_True__qh_0.8__ql_0.2",real,5.990685362329736e-08,True
"T_y__change_quantiles__f_agg_""var""__isabs_False__qh_0.8__ql_0.2","T_y__change_quantiles__f_agg_""var""__isabs_False__qh_0.8__ql_0.2",real,6.179900921237806e-08,True
"T_x__change_quantiles__f_agg_""var""__isabs_True__qh_1.0__ql_0.2","T_x__change_quantiles__f_agg_""var""__isabs_True__qh_1.0__ql_0.2",real,6.180723986421447e-08,True
T_x__lempel_ziv_complexity__bins_100,T_x__lempel_ziv_complexity__bins_100,real,6.212540785326923e-08,True
F_z__quantile__q_0.3,F_z__quantile__q_0.3,real,6.456339654996613e-08,True
F_x__autocorrelation__lag_9,F_x__autocorrelation__lag_9,real,6.895757187466294e-08,True
"T_z__change_quantiles__f_agg_""var""__isabs_True__qh_0.8__ql_0.0","T_z__change_quantiles__f_agg_""var""__isabs_True__qh_0.8__ql_0.0",real,7.048869979321022e-08,True
"T_x__agg_linear_trend__attr_""stderr""__chunk_len_5__f_agg_""min""","T_x__agg_linear_trend__attr_""stderr""__chunk_len_5__f_agg_""min""",real,7.057254404831875e-08,True
"T_y__change_quantiles__f_agg_""mean""__isabs_True__qh_0.6__ql_0.2","T_y__change_quantiles__f_agg_""mean""__isabs_True__qh_0.6__ql_0.2",real,7.25139943653005e-08,True
"T_y__change_quantiles__f_agg_""var""__isabs_False__qh_0.8__ql_0.0","T_y__change_quantiles__f_agg_""var""__isabs_False__qh_0.8__ql_0.0",real,7.281733819264911e-08,True
"F_y__linear_trend__attr_""stderr""","F_y__linear_trend__attr_""stderr""",real,7.281733819264911e-08,True
"T_x__change_quantiles__f_agg_""var""__isabs_False__qh_0.6__ql_0.0","T_x__change_quantiles__f_agg_""var""__isabs_False__qh_0.6__ql_0.0",real,7.48150439891327e-08,True
"F_x__change_quantiles__f_agg_""var""__isabs_True__qh_1.0__ql_0.4","F_x__change_quantiles__f_agg_""var""__isabs_True__qh_1.0__ql_0.4",real,7.893992538492977e-08,True
"F_y__change_quantiles__f_agg_""var""__isabs_True__qh_1.0__ql_0.4","F_y__change_quantiles__f_agg_""var""__isabs_True__qh_1.0__ql_0.4",real,8.333927631215836e-08,True
"F_x__change_quantiles__f_agg_""var""__isabs_False__qh_0.8__ql_0.2","F_x__change_quantiles__f_agg_""var""__isabs_False__qh_0.8__ql_0.2",real,8.559357895487832e-08,True
"F_y__change_quantiles__f_agg_""var""__isabs_False__qh_1.0__ql_0.4","F_y__change_quantiles__f_agg_""var""__isabs_False__qh_1.0__ql_0.4",real,8.795271900078534e-08,True
"F_x__change_quantiles__f_agg_""var""__isabs_False__qh_1.0__ql_0.4","F_x__change_quantiles__f_agg_""var""__isabs_False__qh_1.0__ql_0.4",real,9.803441964218569e-08,True
T_z__value_count__value_0,T_z__value_count__value_0,real,9.916687310189473e-08,True
"T_z__change_quantiles__f_agg_""var""__isabs_True__qh_0.6__ql_0.0","T_z__change_quantiles__f_agg_""var""__isabs_True__qh_0.6__ql_0.0",real,1.0006370968019809e-07,True
"F_x__change_quantiles__f_agg_""var""__isabs_True__qh_0.6__ql_0.2","F_x__change_quantiles__f_agg_""var""__isabs_True__qh_0.6__ql_0.2",real,1.0042347251434309e-07,True
"T_x__change_quantiles__f_agg_""var""__isabs_True__qh_0.4__ql_0.0","T_x__change_quantiles__f_agg_""var""__isabs_True__qh_0.4__ql_0.0",real,1.06006673749642e-07,True
"T_y__change_quantiles__f_agg_""var""__isabs_False__qh_0.4__ql_0.0","T_y__change_quantiles__f_agg_""var""__isabs_False__qh_0.4__ql_0.0",real,1.060475749391702e-07,True
"T_y__change_quantiles__f_agg_""mean""__isabs_True__qh_0.8__ql_0.0","T_y__change_quantiles__f_agg_""mean""__isabs_True__qh_0.8__ql_0.0",real,1.0612941827631478e-07,True
"F_z__change_quantiles__f_agg_""var""__isabs_False__qh_0.8__ql_0.0","F_z__change_quantiles__f_agg_""var""__isabs_False__qh_0.8__ql_0.0",real,1.0633426571835347e-07,True
"F_x__change_quantiles__f_agg_""mean""__isabs_True__qh_0.8__ql_0.2","F_x__change_quantiles__f_agg_""mean""__isabs_True__qh_0.8__ql_0.2",real,1.1115775034377028e-07,True
"T_y__agg_linear_trend__attr_""stderr""__chunk_len_5__f_agg_""max""","T_y__agg_linear_trend__attr_""stderr""__chunk_len_5__f_agg_""max""",real,1.1178650015696658e-07,True
"T_y__change_quantiles__f_agg_""mean""__isabs_True__qh_0.4__ql_0.0","T_y__change_quantiles__f_agg_""mean""__isabs_True__qh_0.4__ql_0.0",real,1.233300242560805e-07,True
"F_z__cwt_coefficients__coeff_3__w_5__widths_(2, 5, 10, 20)","F_z__cwt_coefficients__coeff_3__w_5__widths_(2, 5, 10, 20)",real,1.24893815672157e-07,True
"T_x__change_quantiles__f_agg_""var""__isabs_True__qh_0.8__ql_0.2","T_x__change_quantiles__f_agg_""var""__isabs_True__qh_0.8__ql_0.2",real,1.28212302536817e-07,True
"F_z__change_quantiles__f_agg_""mean""__isabs_True__qh_0.6__ql_0.2","F_z__change_quantiles__f_agg_""mean""__isabs_True__qh_0.6__ql_0.2",real,1.29990325709226e-07,True
"F_z__cwt_coefficients__coeff_5__w_5__widths_(2, 5, 10, 20)","F_z__cwt_coefficients__coeff_5__w_5__widths_(2, 5, 10, 20)",real,1.3174963038546088e-07,True
T_z__has_duplicate_min,T_z__has_duplicate_min,binary,1.3678445229202023e-07,True
"F_x__fft_coefficient__attr_""abs""__coeff_6","F_x__fft_coefficient__attr_""abs""__coeff_6",real,1.389513183549071e-07,True
"F_z__cwt_coefficients__coeff_9__w_20__widths_(2, 5, 10, 20)","F_z__cwt_coefficients__coeff_9__w_20__widths_(2, 5, 10, 20)",real,1.38968862530052e-07,True
F_x__number_crossing_m__m_-1,F_x__number_crossing_m__m_-1,real,1.464452276434574e-07,True
"T_x__fft_coefficient__attr_""abs""__coeff_0","T_x__fft_coefficient__attr_""abs""__coeff_0",real,1.464594547729085e-07,True
F_x__value_count__value_0,F_x__value_count__value_0,real,1.580573921646336e-07,True
"F_y__fft_aggregated__aggtype_""variance""","F_y__fft_aggregated__aggtype_""variance""",real,1.6299699165138235e-07,True
F_z__fourier_entropy__bins_10,F_z__fourier_entropy__bins_10,real,1.664522714422453e-07,True
"F_z__cwt_coefficients__coeff_0__w_10__widths_(2, 5, 10, 20)","F_z__cwt_coefficients__coeff_0__w_10__widths_(2, 5, 10, 20)",real,1.7186451974543562e-07,True
"T_x__change_quantiles__f_agg_""mean""__isabs_True__qh_0.2__ql_0.0","T_x__change_quantiles__f_agg_""mean""__isabs_True__qh_0.2__ql_0.0",real,1.7614999902513575e-07,True
"T_y__change_quantiles__f_agg_""var""__isabs_False__qh_0.6__ql_0.2","T_y__change_quantiles__f_agg_""var""__isabs_False__qh_0.6__ql_0.2",real,1.8056756193125894e-07,True
"F_z__change_quantiles__f_agg_""mean""__isabs_True__qh_1.0__ql_0.2","F_z__change_quantiles__f_agg_""mean""__isabs_True__qh_1.0__ql_0.2",real,1.8097308612608105e-07,True
"T_x__change_quantiles__f_agg_""var""__isabs_False__qh_0.4__ql_0.0","T_x__change_quantiles__f_agg_""var""__isabs_False__qh_0.4__ql_0.0",real,1.8097308612608105e-07,True
F_y__partial_autocorrelation__lag_1,F_y__partial_autocorrelation__lag_1,real,1.811976305151506e-07,True
"F_z__cwt_coefficients__coeff_0__w_20__widths_(2, 5, 10, 20)","F_z__cwt_coefficients__coeff_0__w_20__widths_(2, 5, 10, 20)",real,1.811976305151506e-07,True
"F_z__cwt_coefficients__coeff_1__w_10__widths_(2, 5, 10, 20)","F_z__cwt_coefficients__coeff_1__w_10__widths_(2, 5, 10, 20)",real,1.811976305151506e-07,True
F_y__autocorrelation__lag_1,F_y__autocorrelation__lag_1,real,1.811976305151506e-07,True
F_x__percentage_of_reoccurring_values_to_all_values,F_x__percentage_of_reoccurring_values_to_all_values,real,1.843684439976198e-07,True
"T_y__change_quantiles__f_agg_""mean""__isabs_True__qh_1.0__ql_0.8","T_y__change_quantiles__f_agg_""mean""__isabs_True__qh_1.0__ql_0.8",real,1.9104919610394053e-07,True
"T_y__change_quantiles__f_agg_""mean""__isabs_True__qh_1.0__ql_0.4","T_y__change_quantiles__f_agg_""mean""__isabs_True__qh_1.0__ql_0.4",real,1.9566294512346038e-07,True
"F_z__cwt_coefficients__coeff_9__w_10__widths_(2, 5, 10, 20)","F_z__cwt_coefficients__coeff_9__w_10__widths_(2, 5, 10, 20)",real,2.0135575063995913e-07,True
"F_z__cwt_coefficients__coeff_1__w_20__widths_(2, 5, 10, 20)","F_z__cwt_coefficients__coeff_1__w_20__widths_(2, 5, 10, 20)",real,2.0135575063995913e-07,True
"F_z__cwt_coefficients__coeff_2__w_10__widths_(2, 5, 10, 20)","F_z__cwt_coefficients__coeff_2__w_10__widths_(2, 5, 10, 20)",real,2.0135575063995913e-07,True
"T_x__change_quantiles__f_agg_""mean""__isabs_True__qh_0.8__ql_0.2","T_x__change_quantiles__f_agg_""mean""__isabs_True__qh_0.8__ql_0.2",real,2.0571056104267397e-07,True
"F_z__agg_autocorrelation__f_agg_""median""__maxlag_40","F_z__agg_autocorrelation__f_agg_""median""__maxlag_40",real,2.122312261734118e-07,True
"F_x__change_quantiles__f_agg_""mean""__isabs_True__qh_1.0__ql_0.6","F_x__change_quantiles__f_agg_""mean""__isabs_True__qh_1.0__ql_0.6",real,2.2347009226417602e-07,True
"F_z__cwt_coefficients__coeff_2__w_20__widths_(2, 5, 10, 20)","F_z__cwt_coefficients__coeff_2__w_20__widths_(2, 5, 10, 20)",real,2.2367332335689408e-07,True
"T_x__change_quantiles__f_agg_""var""__isabs_False__qh_1.0__ql_0.2","T_x__change_quantiles__f_agg_""var""__isabs_False__qh_1.0__ql_0.2",real,2.2367332335689408e-07,True
"F_y__fft_coefficient__attr_""abs""__coeff_6","F_y__fft_coefficient__attr_""abs""__coeff_6",real,2.4834208663219575e-07,True
"F_z__agg_linear_trend__attr_""intercept""__chunk_len_10__f_agg_""mean""","F_z__agg_linear_trend__attr_""intercept""__chunk_len_10__f_agg_""mean""",real,2.6156339723226237e-07,True
"F_z__cwt_coefficients__coeff_4__w_5__widths_(2, 5, 10, 20)","F_z__cwt_coefficients__coeff_4__w_5__widths_(2, 5, 10, 20)",real,2.616898765770214e-07,True
F_z__quantile__q_0.4,F_z__quantile__q_0.4,real,2.737433803956457e-07,True
"F_z__cwt_coefficients__coeff_2__w_5__widths_(2, 5, 10, 20)","F_z__cwt_coefficients__coeff_2__w_5__widths_(2, 5, 10, 20)",real,2.756960326327812e-07,True
"T_x__agg_linear_trend__attr_""stderr""__chunk_len_5__f_agg_""max""","T_x__agg_linear_trend__attr_""stderr""__chunk_len_5__f_agg_""max""",real,2.8191530227274766e-07,True
"T_z__agg_linear_trend__attr_""stderr""__chunk_len_5__f_agg_""min""","T_z__agg_linear_trend__attr_""stderr""__chunk_len_5__f_agg_""min""",real,2.886542309711543e-07,True
"T_y__change_quantiles__f_agg_""var""__isabs_True__qh_0.6__ql_0.2","T_y__change_quantiles__f_agg_""var""__isabs_True__qh_0.6__ql_0.2",real,2.9154718837426606e-07,True
"F_z__cwt_coefficients__coeff_4__w_10__widths_(2, 5, 10, 20)","F_z__cwt_coefficients__coeff_4__w_10__widths_(2, 5, 10, 20)",real,3.059121700322582e-07,True
"F_z__cwt_coefficients__coeff_4__w_20__widths_(2, 5, 10, 20)","F_z__cwt_coefficients__coeff_4__w_20__widths_(2, 5, 10, 20)",real,3.059121700322582e-07,True
"F_x__change_quantiles__f_agg_""mean""__isabs_True__qh_0.6__ql_0.2","F_x__change_quantiles__f_agg_""mean""__isabs_True__qh_0.6__ql_0.2",real,3.0998433889620854e-07,True
T_z__binned_entropy__max_bins_10,T_z__binned_entropy__max_bins_10,real,3.1967167320796245e-07,True
"F_z__cwt_coefficients__coeff_3__w_10__widths_(2, 5, 10, 20)","F_z__cwt_coefficients__coeff_3__w_10__widths_(2, 5, 10, 20)",real,3.2219545306494856e-07,True
"F_z__change_quantiles__f_agg_""var""__isabs_False__qh_0.6__ql_0.0","F_z__change_quantiles__f_agg_""var""__isabs_False__qh_0.6__ql_0.0",real,3.392737261127553e-07,True
"F_z__cwt_coefficients__coeff_5__w_20__widths_(2, 5, 10, 20)","F_z__cwt_coefficients__coeff_5__w_20__widths_(2, 5, 10, 20)",real,3.3931398063639584e-07,True
"F_z__cwt_coefficients__coeff_5__w_10__widths_(2, 5, 10, 20)","F_z__cwt_coefficients__coeff_5__w_10__widths_(2, 5, 10, 20)",real,3.5730887178160436e-07,True
"F_z__cwt_coefficients__coeff_8__w_20__widths_(2, 5, 10, 20)","F_z__cwt_coefficients__coeff_8__w_20__widths_(2, 5, 10, 20)",real,3.7622317832602584e-07,True
"F_x__change_quantiles__f_agg_""var""__isabs_False__qh_1.0__ql_0.6","F_x__change_quantiles__f_agg_""var""__isabs_False__qh_1.0__ql_0.6",real,4.000827026827729e-07,True
"F_z__cwt_coefficients__coeff_6__w_20__widths_(2, 5, 10, 20)","F_z__cwt_coefficients__coeff_6__w_20__widths_(2, 5, 10, 20)",real,4.1699242941902265e-07,True
"F_z__cwt_coefficients__coeff_3__w_20__widths_(2, 5, 10, 20)","F_z__cwt_coefficients__coeff_3__w_20__widths_(2, 5, 10, 20)",real,4.1699242941902265e-07,True
"F_x__change_quantiles__f_agg_""var""__isabs_False__qh_0.6__ql_0.2","F_x__change_quantiles__f_agg_""var""__isabs_False__qh_0.6__ql_0.2",real,4.2531134292059425e-07,True
"F_z__fft_coefficient__attr_""angle""__coeff_0","F_z__fft_coefficient__attr_""angle""__coeff_0",binary,4.2684621283329027e-07,True
"F_y__change_quantiles__f_agg_""mean""__isabs_True__qh_0.8__ql_0.4","F_y__change_quantiles__f_agg_""mean""__isabs_True__qh_0.8__ql_0.4",real,4.356246899145575e-07,True
"T_z__fft_coefficient__attr_""abs""__coeff_3","T_z__fft_coefficient__attr_""abs""__coeff_3",real,4.501243099973443e-07,True
T_y__approximate_entropy__m_2__r_0.7,T_y__approximate_entropy__m_2__r_0.7,real,4.5981506040943256e-07,True
"T_x__change_quantiles__f_agg_""mean""__isabs_True__qh_0.8__ql_0.4","T_x__change_quantiles__f_agg_""mean""__isabs_True__qh_0.8__ql_0.4",real,4.784807978210543e-07,True
"F_z__cwt_coefficients__coeff_8__w_10__widths_(2, 5, 10, 20)","F_z__cwt_coefficients__coeff_8__w_10__widths_(2, 5, 10, 20)",real,4.862392152818548e-07,True
"F_z__cwt_coefficients__coeff_11__w_20__widths_(2, 5, 10, 20)","F_z__cwt_coefficients__coeff_11__w_20__widths_(2, 5, 10, 20)",real,4.862392152818548e-07,True
"F_z__cwt_coefficients__coeff_1__w_5__widths_(2, 5, 10, 20)","F_z__cwt_coefficients__coeff_1__w_5__widths_(2, 5, 10, 20)",real,4.862392152818548e-07,True
T_x__fourier_entropy__bins_10,T_x__fourier_entropy__bins_10,real,4.926677991709223e-07,True
"T_y__change_quantiles__f_agg_""mean""__isabs_True__qh_0.2__ql_0.0","T_y__change_quantiles__f_agg_""mean""__isabs_True__qh_0.2__ql_0.0",real,5.019754803359926e-07,True
F_z__fourier_entropy__bins_5,F_z__fourier_entropy__bins_5,real,5.36477224041105e-07,True
T_x__approximate_entropy__m_2__r_0.7,T_x__approximate_entropy__m_2__r_0.7,real,5.379367997553984e-07,True
"F_z__cwt_coefficients__coeff_6__w_10__widths_(2, 5, 10, 20)","F_z__cwt_coefficients__coeff_6__w_10__widths_(2, 5, 10, 20)",real,5.384307134993008e-07,True
"F_y__change_quantiles__f_agg_""var""__isabs_True__qh_1.0__ql_0.0","F_y__change_quantiles__f_agg_""var""__isabs_True__qh_1.0__ql_0.0",real,5.522362308677271e-07,True
"T_y__change_quantiles__f_agg_""var""__isabs_False__qh_1.0__ql_0.6","T_y__change_quantiles__f_agg_""var""__isabs_False__qh_1.0__ql_0.6",real,5.582129779685684e-07,True
"F_z__cwt_coefficients__coeff_7__w_20__widths_(2, 5, 10, 20)","F_z__cwt_coefficients__coeff_7__w_20__widths_(2, 5, 10, 20)",real,5.665123092132112e-07,True
F_z__c3__lag_3,F_z__c3__lag_3,real,5.665123092132112e-07,True
"F_x__fft_coefficient__attr_""abs""__coeff_5","F_x__fft_coefficient__attr_""abs""__coeff_5",real,5.756641268610801e-07,True
F_z__benford_correlation,F_z__benford_correlation,real,5.949184384335292e-07,True
F_z__mean,F_z__mean,real,5.957997089008541e-07,True
F_z__sum_values,F_z__sum_values,real,5.957997089008541e-07,True
"F_z__fft_coefficient__attr_""real""__coeff_0","F_z__fft_coefficient__attr_""real""__coeff_0",real,5.957997089008541e-07,True
"F_z__cwt_coefficients__coeff_11__w_10__widths_(2, 5, 10, 20)","F_z__cwt_coefficients__coeff_11__w_10__widths_(2, 5, 10, 20)",real,5.960032361293228e-07,True
"F_z__change_quantiles__f_agg_""var""__isabs_False__qh_1.0__ql_0.0","F_z__change_quantiles__f_agg_""var""__isabs_False__qh_1.0__ql_0.0",real,6.59487236803687e-07,True
F_x__benford_correlation,F_x__benford_correlation,real,6.919095156554943e-07,True
"F_z__cwt_coefficients__coeff_10__w_10__widths_(2, 5, 10, 20)","F_z__cwt_coefficients__coeff_10__w_10__widths_(2, 5, 10, 20)",real,6.936252811015698e-07,True
"F_z__cwt_coefficients__coeff_13__w_20__widths_(2, 5, 10, 20)","F_z__cwt_coefficients__coeff_13__w_20__widths_(2, 5, 10, 20)",real,6.936252811015698e-07,True
"F_x__change_quantiles__f_agg_""var""__isabs_True__qh_1.0__ql_0.6","F_x__change_quantiles__f_agg_""var""__isabs_True__qh_1.0__ql_0.6",real,6.986377005168346e-07,True
T_x__fourier_entropy__bins_5,T_x__fourier_entropy__bins_5,real,7.21773678275213e-07,True
"F_z__cwt_coefficients__coeff_10__w_20__widths_(2, 5, 10, 20)","F_z__cwt_coefficients__coeff_10__w_20__widths_(2, 5, 10, 20)",real,7.294628719695454e-07,True
T_z__percentage_of_reoccurring_values_to_all_values,T_z__percentage_of_reoccurring_values_to_all_values,real,7.328313143495209e-07,True
F_z__longest_strike_above_mean,F_z__longest_strike_above_mean,real,7.456702349210554e-07,True
F_y__cid_ce__normalize_False,F_y__cid_ce__normalize_False,real,7.477093704242123e-07,True
F_z__median,F_z__median,real,7.812388020557326e-07,True
"F_y__change_quantiles__f_agg_""var""__isabs_True__qh_1.0__ql_0.2","F_y__change_quantiles__f_agg_""var""__isabs_True__qh_1.0__ql_0.2",real,8.063849128469083e-07,True
"F_z__cwt_coefficients__coeff_7__w_10__widths_(2, 5, 10, 20)","F_z__cwt_coefficients__coeff_7__w_10__widths_(2, 5, 10, 20)",real,8.065643927078281e-07,True
"F_z__cwt_coefficients__coeff_12__w_20__widths_(2, 5, 10, 20)","F_z__cwt_coefficients__coeff_12__w_20__widths_(2, 5, 10, 20)",real,8.065643927078281e-07,True
"F_z__change_quantiles__f_agg_""mean""__isabs_True__qh_0.4__ql_0.0","F_z__change_quantiles__f_agg_""mean""__isabs_True__qh_0.4__ql_0.0",real,8.23182947542394e-07,True
F_z__fourier_entropy__bins_100,F_z__fourier_entropy__bins_100,real,8.459269791270182e-07,True
"T_z__fft_coefficient__attr_""abs""__coeff_7","T_z__fft_coefficient__attr_""abs""__coeff_7",real,8.479075235302521e-07,True
F_z__approximate_entropy__m_2__r_0.7,F_z__approximate_entropy__m_2__r_0.7,real,8.873585343097712e-07,True
"T_y__change_quantiles__f_agg_""var""__isabs_False__qh_1.0__ql_0.4","T_y__change_quantiles__f_agg_""var""__isabs_False__qh_1.0__ql_0.4",real,8.908944291170868e-07,True
F_z__autocorrelation__lag_1,F_z__autocorrelation__lag_1,real,8.914848984973309e-07,True
F_z__partial_autocorrelation__lag_1,F_z__partial_autocorrelation__lag_1,real,8.914848984973309e-07,True
"F_x__fft_coefficient__attr_""abs""__coeff_7","F_x__fft_coefficient__attr_""abs""__coeff_7",real,8.914848984973309e-07,True
F_y__absolute_sum_of_changes,F_y__absolute_sum_of_changes,real,9.074960150633798e-07,True
"F_y__change_quantiles__f_agg_""mean""__isabs_True__qh_1.0__ql_0.0","F_y__change_quantiles__f_agg_""mean""__isabs_True__qh_1.0__ql_0.0",real,9.074960150633798e-07,True
F_y__mean_abs_change,F_y__mean_abs_change,real,9.074960150633798e-07,True
"T_y__change_quantiles__f_agg_""mean""__isabs_True__qh_1.0__ql_0.6","T_y__change_quantiles__f_agg_""mean""__isabs_True__qh_1.0__ql_0.6",real,1.0015369462057145e-06,True
T_x__spkt_welch_density__coeff_2,T_x__spkt_welch_density__coeff_2,real,1.0352012478693229e-06,True
"F_z__agg_linear_trend__attr_""stderr""__chunk_len_5__f_agg_""min""","F_z__agg_linear_trend__attr_""stderr""__chunk_len_5__f_agg_""min""",real,1.0603019186452778e-06,True
"F_z__change_quantiles__f_agg_""mean""__isabs_True__qh_0.2__ql_0.0","F_z__change_quantiles__f_agg_""mean""__isabs_True__qh_0.2__ql_0.0",real,1.1279756621420833e-06,True
"F_z__cwt_coefficients__coeff_12__w_10__widths_(2, 5, 10, 20)","F_z__cwt_coefficients__coeff_12__w_10__widths_(2, 5, 10, 20)",real,1.1431352672658858e-06,True
"T_y__change_quantiles__f_agg_""var""__isabs_True__qh_0.8__ql_0.4","T_y__change_quantiles__f_agg_""var""__isabs_True__qh_0.8__ql_0.4",real,1.1614174664530197e-06,True
"T_x__change_quantiles__f_agg_""var""__isabs_False__qh_0.8__ql_0.2","T_x__change_quantiles__f_agg_""var""__isabs_False__qh_0.8__ql_0.2",real,1.1716388465000019e-06,True
"F_z__agg_linear_trend__attr_""intercept""__chunk_len_5__f_agg_""mean""","F_z__agg_linear_trend__attr_""intercept""__chunk_len_5__f_agg_""mean""",real,1.23097709902613e-06,True
"F_z__change_quantiles__f_agg_""var""__isabs_True__qh_0.6__ql_0.0","F_z__change_quantiles__f_agg_""var""__isabs_True__qh_0.6__ql_0.0",real,1.3255784377148247e-06,True
"F_z__cwt_coefficients__coeff_13__w_10__widths_(2, 5, 10, 20)","F_z__cwt_coefficients__coeff_13__w_10__widths_(2, 5, 10, 20)",real,1.3255784377148247e-06,True
"F_x__change_quantiles__f_agg_""var""__isabs_True__qh_0.4__ql_0.0","F_x__change_quantiles__f_agg_""var""__isabs_True__qh_0.4__ql_0.0",real,1.4327107664145648e-06,True
F_z__count_below__t_0,F_z__count_below__t_0,real,1.526370384332033e-06,True
"F_z__cwt_coefficients__coeff_14__w_20__widths_(2, 5, 10, 20)","F_z__cwt_coefficients__coeff_14__w_20__widths_(2, 5, 10, 20)",real,1.535859949447635e-06,True
F_z__range_count__max_1000000000000.0__min_0,F_z__range_count__max_1000000000000.0__min_0,real,1.584763998178375e-06,True
F_z__range_count__max_0__min_-1000000000000.0,F_z__range_count__max_0__min_-1000000000000.0,real,1.584763998178375e-06,True
F_z__count_above__t_0,F_z__count_above__t_0,real,1.584763998178375e-06,True
F_y__number_crossing_m__m_-1,F_y__number_crossing_m__m_-1,real,1.653914974063656e-06,True
"F_z__cwt_coefficients__coeff_0__w_5__widths_(2, 5, 10, 20)","F_z__cwt_coefficients__coeff_0__w_5__widths_(2, 5, 10, 20)",real,1.6934858304550702e-06,True
"T_y__change_quantiles__f_agg_""mean""__isabs_True__qh_0.8__ql_0.4","T_y__change_quantiles__f_agg_""mean""__isabs_True__qh_0.8__ql_0.4",real,1.7137566020217073e-06,True
"F_z__agg_linear_trend__attr_""slope""__chunk_len_10__f_agg_""max""","F_z__agg_linear_trend__attr_""slope""__chunk_len_10__f_agg_""max""",real,1.7644905495963575e-06,True
"F_y__change_quantiles__f_agg_""mean""__isabs_True__qh_1.0__ql_0.2","F_y__change_quantiles__f_agg_""mean""__isabs_True__qh_1.0__ql_0.2",real,1.7691137450837018e-06,True
T_x__autocorrelation__lag_1,T_x__autocorrelation__lag_1,real,1.7780186263487306e-06,True
T_x__partial_autocorrelation__lag_1,T_x__partial_autocorrelation__lag_1,real,1.7780186263487306e-06,True
F_y__value_count__value_0,F_y__value_count__value_0,real,1.8446306657200081e-06,True
"F_y__change_quantiles__f_agg_""mean""__isabs_True__qh_0.8__ql_0.0","F_y__change_quantiles__f_agg_""mean""__isabs_True__qh_0.8__ql_0.0",real,2.0028948420802687e-06,True
"F_y__agg_linear_trend__attr_""stderr""__chunk_len_5__f_agg_""mean""","F_y__agg_linear_trend__attr_""stderr""__chunk_len_5__f_agg_""mean""",real,2.1063346800444862e-06,True
"T_z__change_quantiles__f_agg_""mean""__isabs_True__qh_0.8__ql_0.4","T_z__change_quantiles__f_agg_""mean""__isabs_True__qh_0.8__ql_0.4",real,2.1375565317584948e-06,True
"F_z__cwt_coefficients__coeff_14__w_10__widths_(2, 5, 10, 20)","F_z__cwt_coefficients__coeff_14__w_10__widths_(2, 5, 10, 20)",real,2.158508674369716e-06,True
"F_z__change_quantiles__f_agg_""var""__isabs_True__qh_0.6__ql_0.2","F_z__change_quantiles__f_agg_""var""__isabs_True__qh_0.6__ql_0.2",real,2.2107294404438045e-06,True
"T_x__change_quantiles__f_agg_""mean""__isabs_True__qh_1.0__ql_0.4","T_x__change_quantiles__f_agg_""mean""__isabs_True__qh_1.0__ql_0.4",real,2.2594079839111904e-06,True
F_z__spkt_welch_density__coeff_2,F_z__spkt_welch_density__coeff_2,real,2.2652066607382235e-06,True
"T_z__change_quantiles__f_agg_""var""__isabs_False__qh_0.8__ql_0.4","T_z__change_quantiles__f_agg_""var""__isabs_False__qh_0.8__ql_0.4",real,2.3215190129201963e-06,True
"T_x__change_quantiles__f_agg_""var""__isabs_False__qh_0.8__ql_0.4","T_x__change_quantiles__f_agg_""var""__isabs_False__qh_0.8__ql_0.4",real,2.367994198961375e-06,True
"F_y__change_quantiles__f_agg_""var""__isabs_False__qh_0.8__ql_0.4","F_y__change_quantiles__f_agg_""var""__isabs_False__qh_0.8__ql_0.4",real,2.5328671447632e-06,True
"F_y__change_quantiles__f_agg_""var""__isabs_False__qh_1.0__ql_0.0","F_y__change_quantiles__f_agg_""var""__isabs_False__qh_1.0__ql_0.0",real,2.6160209144598862e-06,True
F_z__fourier_entropy__bins_3,F_z__fourier_entropy__bins_3,real,2.6248988170554966e-06,True
F_y__number_crossing_m__m_0,F_y__number_crossing_m__m_0,real,2.664599004424792e-06,True
"T_y__linear_trend__attr_""pvalue""","T_y__linear_trend__attr_""pvalue""",real,2.7448760750601308e-06,True
F_z__c3__lag_1,F_z__c3__lag_1,real,2.7448760750601308e-06,True
"F_y__change_quantiles__f_agg_""mean""__isabs_True__qh_1.0__ql_0.6","F_y__change_quantiles__f_agg_""mean""__isabs_True__qh_1.0__ql_0.6",real,2.7889971482925768e-06,True
"T_x__change_quantiles__f_agg_""mean""__isabs_True__qh_1.0__ql_0.8","T_x__change_quantiles__f_agg_""mean""__isabs_True__qh_1.0__ql_0.8",real,2.8254318805522567e-06,True
"T_z__change_quantiles__f_agg_""mean""__isabs_True__qh_0.4__ql_0.0","T_z__change_quantiles__f_agg_""mean""__isabs_True__qh_0.4__ql_0.0",real,2.8640593654648865e-06,True
"F_y__change_quantiles__f_agg_""var""__isabs_False__qh_1.0__ql_0.2","F_y__change_quantiles__f_agg_""var""__isabs_False__qh_1.0__ql_0.2",real,2.8786503768667867e-06,True
"F_y__change_quantiles__f_agg_""var""__isabs_True__qh_0.8__ql_0.0","F_y__change_quantiles__f_agg_""var""__isabs_True__qh_0.8__ql_0.0",real,2.8789396215548906e-06,True
F_z__quantile__q_0.7,F_z__quantile__q_0.7,real,3.0063056604637087e-06,True
"F_z__change_quantiles__f_agg_""var""__isabs_False__qh_1.0__ql_0.2","F_z__change_quantiles__f_agg_""var""__isabs_False__qh_1.0__ql_0.2",real,3.0195768052923736e-06,True
T_z__lempel_ziv_complexity__bins_10,T_z__lempel_ziv_complexity__bins_10,real,3.2148997238083298e-06,True
F_z__quantile__q_0.8,F_z__quantile__q_0.8,real,3.641557948053392e-06,True
"T_x__fft_aggregated__aggtype_""kurtosis""","T_x__fft_aggregated__aggtype_""kurtosis""",real,3.650894347048283e-06,True
T_y__range_count__max_1__min_-1,T_y__range_count__max_1__min_-1,real,3.7773397276621875e-06,True
"F_x__agg_linear_trend__attr_""stderr""__chunk_len_5__f_agg_""max""","F_x__agg_linear_trend__attr_""stderr""__chunk_len_5__f_agg_""max""",real,3.8077599689249234e-06,True
F_z__number_cwt_peaks__n_5,F_z__number_cwt_peaks__n_5,real,3.906361407358179e-06,True
"F_x__agg_autocorrelation__f_agg_""median""__maxlag_40","F_x__agg_autocorrelation__f_agg_""median""__maxlag_40",real,4.012225960469812e-06,True
F_y__maximum,F_y__maximum,real,4.0350475162561e-06,True
F_y__value_count__value_1,F_y__value_count__value_1,real,4.055087368669045e-06,True
"F_z__cwt_coefficients__coeff_14__w_5__widths_(2, 5, 10, 20)","F_z__cwt_coefficients__coeff_14__w_5__widths_(2, 5, 10, 20)",real,4.205915893440005e-06,True
F_y__spkt_welch_density__coeff_2,F_y__spkt_welch_density__coeff_2,real,4.205915893440005e-06,True
T_z__last_location_of_minimum,T_z__last_location_of_minimum,real,4.347565645261021e-06,True
"T_z__agg_linear_trend__attr_""stderr""__chunk_len_5__f_agg_""mean""","T_z__agg_linear_trend__attr_""stderr""__chunk_len_5__f_agg_""mean""",real,4.4034241525258664e-06,True
T_y__longest_strike_above_mean,T_y__longest_strike_above_mean,real,4.461825735412343e-06,True
"F_y__change_quantiles__f_agg_""var""__isabs_False__qh_0.8__ql_0.0","F_y__change_quantiles__f_agg_""var""__isabs_False__qh_0.8__ql_0.0",real,4.618725919642252e-06,True
"T_z__agg_linear_trend__attr_""intercept""__chunk_len_5__f_agg_""var""","T_z__agg_linear_trend__attr_""intercept""__chunk_len_5__f_agg_""var""",real,4.953285346798694e-06,True
"F_z__linear_trend__attr_""pvalue""","F_z__linear_trend__attr_""pvalue""",real,5.072139518246299e-06,True
"T_x__change_quantiles__f_agg_""var""__isabs_True__qh_1.0__ql_0.4","T_x__change_quantiles__f_agg_""var""__isabs_True__qh_1.0__ql_0.4",real,5.6971331259429245e-06,True
"F_y__change_quantiles__f_agg_""var""__isabs_True__qh_1.0__ql_0.6","F_y__change_quantiles__f_agg_""var""__isabs_True__qh_1.0__ql_0.6",real,5.937127506605474e-06,True
F_z__autocorrelation__lag_2,F_z__autocorrelation__lag_2,real,6.10774922909561e-06,True
"F_y__change_quantiles__f_agg_""var""__isabs_True__qh_0.8__ql_0.4","F_y__change_quantiles__f_agg_""var""__isabs_True__qh_0.8__ql_0.4",real,6.1758417592328474e-06,True
"F_z__change_quantiles__f_agg_""mean""__isabs_True__qh_0.8__ql_0.2","F_z__change_quantiles__f_agg_""mean""__isabs_True__qh_0.8__ql_0.2",real,6.523974444030901e-06,True
F_y__benford_correlation,F_y__benford_correlation,real,6.696131221592355e-06,True
"F_z__cwt_coefficients__coeff_12__w_5__widths_(2, 5, 10, 20)","F_z__cwt_coefficients__coeff_12__w_5__widths_(2, 5, 10, 20)",real,6.698631467917548e-06,True
"F_x__change_quantiles__f_agg_""mean""__isabs_True__qh_0.8__ql_0.4","F_x__change_quantiles__f_agg_""mean""__isabs_True__qh_0.8__ql_0.4",real,6.936347934326167e-06,True
F_z__fourier_entropy__bins_2,F_z__fourier_entropy__bins_2,real,6.974123062089677e-06,True
"F_z__cwt_coefficients__coeff_11__w_5__widths_(2, 5, 10, 20)","F_z__cwt_coefficients__coeff_11__w_5__widths_(2, 5, 10, 20)",real,7.688531499683519e-06,True
F_z__quantile__q_0.6,F_z__quantile__q_0.6,real,7.826125946525696e-06,True
"T_z__change_quantiles__f_agg_""mean""__isabs_True__qh_0.2__ql_0.0","T_z__change_quantiles__f_agg_""mean""__isabs_True__qh_0.2__ql_0.0",real,7.856466217110454e-06,True
"T_z__change_quantiles__f_agg_""var""__isabs_True__qh_0.8__ql_0.4","T_z__change_quantiles__f_agg_""var""__isabs_True__qh_0.8__ql_0.4",real,7.96608483777916e-06,True
"F_z__change_quantiles__f_agg_""var""__isabs_False__qh_0.6__ql_0.2","F_z__change_quantiles__f_agg_""var""__isabs_False__qh_0.6__ql_0.2",real,7.974193118047644e-06,True
"F_z__change_quantiles__f_agg_""var""__isabs_False__qh_0.2__ql_0.0","F_z__change_quantiles__f_agg_""var""__isabs_False__qh_0.2__ql_0.0",real,8.071043321170488e-06,True
"F_z__change_quantiles__f_agg_""var""__isabs_True__qh_1.0__ql_0.2","F_z__change_quantiles__f_agg_""var""__isabs_True__qh_1.0__ql_0.2",real,8.233743114104924e-06,True
"F_x__change_quantiles__f_agg_""mean""__isabs_True__qh_1.0__ql_0.8","F_x__change_quantiles__f_agg_""mean""__isabs_True__qh_1.0__ql_0.8",real,8.28170859207845e-06,True
"F_z__change_quantiles__f_agg_""var""__isabs_True__qh_0.2__ql_0.0","F_z__change_quantiles__f_agg_""var""__isabs_True__qh_0.2__ql_0.0",real,8.462493452073381e-06,True
"F_y__change_quantiles__f_agg_""mean""__isabs_True__qh_0.6__ql_0.0","F_y__change_quantiles__f_agg_""mean""__isabs_True__qh_0.6__ql_0.0",real,8.732680685394228e-06,True
"F_z__cwt_coefficients__coeff_6__w_5__widths_(2, 5, 10, 20)","F_z__cwt_coefficients__coeff_6__w_5__widths_(2, 5, 10, 20)",real,8.817405703826196e-06,True
"T_z__change_quantiles__f_agg_""mean""__isabs_True__qh_1.0__ql_0.4","T_z__change_quantiles__f_agg_""mean""__isabs_True__qh_1.0__ql_0.4",real,8.989398015196427e-06,True
"F_z__cwt_coefficients__coeff_13__w_5__widths_(2, 5, 10, 20)","F_z__cwt_coefficients__coeff_13__w_5__widths_(2, 5, 10, 20)",real,9.227697539953978e-06,True
"T_x__change_quantiles__f_agg_""var""__isabs_False__qh_1.0__ql_0.4","T_x__change_quantiles__f_agg_""var""__isabs_False__qh_1.0__ql_0.4",real,9.656192472029909e-06,True
"T_z__change_quantiles__f_agg_""mean""__isabs_True__qh_1.0__ql_0.6","T_z__change_quantiles__f_agg_""mean""__isabs_True__qh_1.0__ql_0.6",real,1.0180821055032784e-05,True
"T_x__change_quantiles__f_agg_""var""__isabs_True__qh_0.6__ql_0.2","T_x__change_quantiles__f_agg_""var""__isabs_True__qh_0.6__ql_0.2",real,1.0349563165245266e-05,True
"F_y__fft_coefficient__attr_""abs""__coeff_7","F_y__fft_coefficient__attr_""abs""__coeff_7",real,1.0570880643021793e-05,True
T_y__value_count__value_-1,T_y__value_count__value_-1,real,1.1501858949491922e-05,True
"F_z__cwt_coefficients__coeff_10__w_5__widths_(2, 5, 10, 20)","F_z__cwt_coefficients__coeff_10__w_5__widths_(2, 5, 10, 20)",real,1.1567956241225418e-05,True
"F_z__agg_linear_trend__attr_""intercept""__chunk_len_5__f_agg_""var""","F_z__agg_linear_trend__attr_""intercept""__chunk_len_5__f_agg_""var""",real,1.1567956241225418e-05,True
F_y__approximate_entropy__m_2__r_0.9,F_y__approximate_entropy__m_2__r_0.9,real,1.2370750860143838e-05,True
"T_z__change_quantiles__f_agg_""mean""__isabs_True__qh_1.0__ql_0.2","T_z__change_quantiles__f_agg_""mean""__isabs_True__qh_1.0__ql_0.2",real,1.2572274421020048e-05,True
F_x__autocorrelation__lag_7,F_x__autocorrelation__lag_7,real,1.265442350705325e-05,True
F_y__quantile__q_0.9,F_y__quantile__q_0.9,real,1.4076069496000238e-05,True
"F_x__agg_linear_trend__attr_""intercept""__chunk_len_5__f_agg_""var""","F_x__agg_linear_trend__attr_""intercept""__chunk_len_5__f_agg_""var""",real,1.4465922397035757e-05,True
"F_x__change_quantiles__f_agg_""mean""__isabs_True__qh_0.2__ql_0.0","F_x__change_quantiles__f_agg_""mean""__isabs_True__qh_0.2__ql_0.0",real,1.4472774249952852e-05,True
"F_z__change_quantiles__f_agg_""var""__isabs_False__qh_0.4__ql_0.0","F_z__change_quantiles__f_agg_""var""__isabs_False__qh_0.4__ql_0.0",real,1.4714619857720011e-05,True
"T_x__change_quantiles__f_agg_""mean""__isabs_True__qh_1.0__ql_0.6","T_x__change_quantiles__f_agg_""mean""__isabs_True__qh_1.0__ql_0.6",real,1.4891156934102363e-05,True
"T_y__fft_aggregated__aggtype_""kurtosis""","T_y__fft_aggregated__aggtype_""kurtosis""",real,1.51263725405119e-05,True
"F_y__linear_trend__attr_""pvalue""","F_y__linear_trend__attr_""pvalue""",real,1.51263725405119e-05,True
"T_y__agg_autocorrelation__f_agg_""mean""__maxlag_40","T_y__agg_autocorrelation__f_agg_""mean""__maxlag_40",real,1.51263725405119e-05,True
T_z__spkt_welch_density__coeff_2,T_z__spkt_welch_density__coeff_2,real,1.581141557357402e-05,True
"T_x__change_quantiles__f_agg_""var""__isabs_True__qh_0.8__ql_0.4","T_x__change_quantiles__f_agg_""var""__isabs_True__qh_0.8__ql_0.4",real,1.6708415772679672e-05,True
"F_z__change_quantiles__f_agg_""var""__isabs_True__qh_0.4__ql_0.0","F_z__change_quantiles__f_agg_""var""__isabs_True__qh_0.4__ql_0.0",real,1.71390154172998e-05,True
"F_y__change_quantiles__f_agg_""mean""__isabs_True__qh_0.8__ql_0.2","F_y__change_quantiles__f_agg_""mean""__isabs_True__qh_0.8__ql_0.2",real,1.8758714098260042e-05,True
"F_z__agg_linear_trend__attr_""slope""__chunk_len_5__f_agg_""max""","F_z__agg_linear_trend__attr_""slope""__chunk_len_5__f_agg_""max""",real,1.919187699234099e-05,True
"F_y__agg_linear_trend__attr_""stderr""__chunk_len_5__f_agg_""max""","F_y__agg_linear_trend__attr_""stderr""__chunk_len_5__f_agg_""max""",real,1.954365868982676e-05,True
"T_x__agg_linear_trend__attr_""intercept""__chunk_len_5__f_agg_""var""","T_x__agg_linear_trend__attr_""intercept""__chunk_len_5__f_agg_""var""",real,1.9714083638198206e-05,True
"F_z__agg_linear_trend__attr_""stderr""__chunk_len_5__f_agg_""max""","F_z__agg_linear_trend__attr_""stderr""__chunk_len_5__f_agg_""max""",real,2.011048408263347e-05,True
"F_z__cwt_coefficients__coeff_12__w_2__widths_(2, 5, 10, 20)","F_z__cwt_coefficients__coeff_12__w_2__widths_(2, 5, 10, 20)",real,2.0597318137258886e-05,True
"F_z__cwt_coefficients__coeff_13__w_2__widths_(2, 5, 10, 20)","F_z__cwt_coefficients__coeff_13__w_2__widths_(2, 5, 10, 20)",real,2.0597318137258886e-05,True
"F_y__change_quantiles__f_agg_""mean""__isabs_True__qh_0.4__ql_0.0","F_y__change_quantiles__f_agg_""mean""__isabs_True__qh_0.4__ql_0.0",real,2.1012747388145138e-05,True
T_x__has_duplicate_min,T_x__has_duplicate_min,binary,2.1054294255703115e-05,True
F_y__fourier_entropy__bins_5,F_y__fourier_entropy__bins_5,real,2.1375236836783788e-05,True
"F_z__cwt_coefficients__coeff_7__w_5__widths_(2, 5, 10, 20)","F_z__cwt_coefficients__coeff_7__w_5__widths_(2, 5, 10, 20)",real,2.1518148688748827e-05,True
"T_y__change_quantiles__f_agg_""var""__isabs_False__qh_0.8__ql_0.4","T_y__change_quantiles__f_agg_""var""__isabs_False__qh_0.8__ql_0.4",real,2.1951027155460223e-05,True
"F_y__change_quantiles__f_agg_""mean""__isabs_True__qh_0.2__ql_0.0","F_y__change_quantiles__f_agg_""mean""__isabs_True__qh_0.2__ql_0.0",real,2.206150627063155e-05,True
F_x__approximate_entropy__m_2__r_0.9,F_x__approximate_entropy__m_2__r_0.9,real,2.3447618272275798e-05,True
T_z__approximate_entropy__m_2__r_0.5,T_z__approximate_entropy__m_2__r_0.5,real,2.3465090805015843e-05,True
"F_y__change_quantiles__f_agg_""var""__isabs_True__qh_0.8__ql_0.2","F_y__change_quantiles__f_agg_""var""__isabs_True__qh_0.8__ql_0.2",real,2.4499369783899655e-05,True
F_x__binned_entropy__max_bins_10,F_x__binned_entropy__max_bins_10,real,2.5007958906628888e-05,True
"F_y__fft_aggregated__aggtype_""centroid""","F_y__fft_aggregated__aggtype_""centroid""",real,2.674104888880048e-05,True
T_z__approximate_entropy__m_2__r_0.1,T_z__approximate_entropy__m_2__r_0.1,real,2.8317374444468718e-05,True
"T_y__agg_autocorrelation__f_agg_""median""__maxlag_40","T_y__agg_autocorrelation__f_agg_""median""__maxlag_40",real,2.9150706948711448e-05,True
F_z__autocorrelation__lag_9,F_z__autocorrelation__lag_9,real,3.0431594630337185e-05,True
"T_z__change_quantiles__f_agg_""var""__isabs_True__qh_1.0__ql_0.4","T_z__change_quantiles__f_agg_""var""__isabs_True__qh_1.0__ql_0.4",real,3.189900790089755e-05,True
"T_z__change_quantiles__f_agg_""var""__isabs_False__qh_0.4__ql_0.0","T_z__change_quantiles__f_agg_""var""__isabs_False__qh_0.4__ql_0.0",real,3.212787344767097e-05,True
T_z__approximate_entropy__m_2__r_0.3,T_z__approximate_entropy__m_2__r_0.3,real,3.3137047157378884e-05,True
"T_z__change_quantiles__f_agg_""var""__isabs_True__qh_1.0__ql_0.6","T_z__change_quantiles__f_agg_""var""__isabs_True__qh_1.0__ql_0.6",real,3.442044480313492e-05,True
"F_x__agg_autocorrelation__f_agg_""mean""__maxlag_40","F_x__agg_autocorrelation__f_agg_""mean""__maxlag_40",real,3.4602925170466304e-05,True
T_y__autocorrelation__lag_9,T_y__autocorrelation__lag_9,real,3.4602925170466304e-05,True
"T_y__fft_coefficient__attr_""angle""__coeff_0","T_y__fft_coefficient__attr_""angle""__coeff_0",binary,3.517867654575213e-05,True
"F_y__change_quantiles__f_agg_""var""__isabs_False__qh_0.8__ql_0.2","F_y__change_quantiles__f_agg_""var""__isabs_False__qh_0.8__ql_0.2",real,3.684327359463998e-05,True
"F_y__change_quantiles__f_agg_""var""__isabs_False__qh_0.4__ql_0.0","F_y__change_quantiles__f_agg_""var""__isabs_False__qh_0.4__ql_0.0",real,3.7555072044326046e-05,True
"F_z__linear_trend__attr_""intercept""","F_z__linear_trend__attr_""intercept""",real,3.7676606347123874e-05,True
F_z__quantile__q_0.9,F_z__quantile__q_0.9,real,3.9193521238178876e-05,True
"F_y__agg_linear_trend__attr_""intercept""__chunk_len_5__f_agg_""var""","F_y__agg_linear_trend__attr_""intercept""__chunk_len_5__f_agg_""var""",real,3.931361036783244e-05,True
"F_z__cwt_coefficients__coeff_8__w_5__widths_(2, 5, 10, 20)","F_z__cwt_coefficients__coeff_8__w_5__widths_(2, 5, 10, 20)",real,3.931361036783244e-05,True
"T_z__change_quantiles__f_agg_""mean""__isabs_True__qh_0.8__ql_0.2","T_z__change_quantiles__f_agg_""mean""__isabs_True__qh_0.8__ql_0.2",real,3.9636736165029975e-05,True
"F_x__change_quantiles__f_agg_""var""__isabs_True__qh_0.8__ql_0.4","F_x__change_quantiles__f_agg_""var""__isabs_True__qh_0.8__ql_0.4",real,4.007869653431699e-05,True
T_x__fourier_entropy__bins_100,T_x__fourier_entropy__bins_100,real,4.118363169157449e-05,True
"T_z__change_quantiles__f_agg_""var""__isabs_False__qh_1.0__ql_0.4","T_z__change_quantiles__f_agg_""var""__isabs_False__qh_1.0__ql_0.4",real,4.220025334176068e-05,True
"F_y__agg_linear_trend__attr_""stderr""__chunk_len_5__f_agg_""min""","F_y__agg_linear_trend__attr_""stderr""__chunk_len_5__f_agg_""min""",real,4.239466881124349e-05,True
"F_x__augmented_dickey_fuller__attr_""usedlag""__autolag_""AIC""","F_x__augmented_dickey_fuller__attr_""usedlag""__autolag_""AIC""",real,4.489744638147299e-05,True
"F_y__change_quantiles__f_agg_""var""__isabs_False__qh_0.6__ql_0.0","F_y__change_quantiles__f_agg_""var""__isabs_False__qh_0.6__ql_0.0",real,4.6536409514424476e-05,True
"T_z__change_quantiles__f_agg_""var""__isabs_False__qh_0.8__ql_0.2","T_z__change_quantiles__f_agg_""var""__isabs_False__qh_0.8__ql_0.2",real,4.917510303040393e-05,True
F_x__lempel_ziv_complexity__bins_10,F_x__lempel_ziv_complexity__bins_10,real,4.9373413266469524e-05,True
"T_z__change_quantiles__f_agg_""var""__isabs_False__qh_1.0__ql_0.6","T_z__change_quantiles__f_agg_""var""__isabs_False__qh_1.0__ql_0.6",real,4.947822533780763e-05,True
"F_y__change_quantiles__f_agg_""mean""__isabs_True__qh_0.4__ql_0.2","F_y__change_quantiles__f_agg_""mean""__isabs_True__qh_0.4__ql_0.2",real,5.014872187653316e-05,True
F_z__c3__lag_2,F_z__c3__lag_2,real,5.062090841717643e-05,True
"T_x__change_quantiles__f_agg_""mean""__isabs_True__qh_0.6__ql_0.2","T_x__change_quantiles__f_agg_""mean""__isabs_True__qh_0.6__ql_0.2",real,5.21797279491221e-05,True
T_z__approximate_entropy__m_2__r_0.9,T_z__approximate_entropy__m_2__r_0.9,real,5.2690214560490826e-05,True
"F_y__change_quantiles__f_agg_""var""__isabs_False__qh_1.0__ql_0.6","F_y__change_quantiles__f_agg_""var""__isabs_False__qh_1.0__ql_0.6",real,5.4860689374737565e-05,True
T_y__autocorrelation__lag_7,T_y__autocorrelation__lag_7,real,5.503105189807217e-05,True
T_y__value_count__value_0,T_y__value_count__value_0,real,5.6930120430122884e-05,True
F_x__minimum,F_x__minimum,real,5.823839420316926e-05,True
"F_z__cwt_coefficients__coeff_2__w_2__widths_(2, 5, 10, 20)","F_z__cwt_coefficients__coeff_2__w_2__widths_(2, 5, 10, 20)",real,5.98035402312937e-05,True
T_y__ratio_beyond_r_sigma__r_1,T_y__ratio_beyond_r_sigma__r_1,real,5.989748927651053e-05,True
"T_z__change_quantiles__f_agg_""var""__isabs_False__qh_1.0__ql_0.2","T_z__change_quantiles__f_agg_""var""__isabs_False__qh_1.0__ql_0.2",real,6.097896870618121e-05,True
"F_y__fft_aggregated__aggtype_""skew""","F_y__fft_aggregated__aggtype_""skew""",real,6.233427343931678e-05,True
"F_z__cwt_coefficients__coeff_11__w_2__widths_(2, 5, 10, 20)","F_z__cwt_coefficients__coeff_11__w_2__widths_(2, 5, 10, 20)",real,6.233427343931678e-05,True
"F_y__agg_linear_trend__attr_""slope""__chunk_len_10__f_agg_""min""","F_y__agg_linear_trend__attr_""slope""__chunk_len_10__f_agg_""min""",real,6.252313156255674e-05,True
"F_y__agg_linear_trend__attr_""intercept""__chunk_len_10__f_agg_""max""","F_y__agg_linear_trend__attr_""intercept""__chunk_len_10__f_agg_""max""",real,6.426524054202928e-05,True
F_z__absolute_maximum,F_z__absolute_maximum,real,6.461977326752476e-05,True
"T_y__change_quantiles__f_agg_""var""__isabs_True__qh_1.0__ql_0.8","T_y__change_quantiles__f_agg_""var""__isabs_True__qh_1.0__ql_0.8",real,6.874774095565165e-05,True
T_z__approximate_entropy__m_2__r_0.7,T_z__approximate_entropy__m_2__r_0.7,real,7.052275005188493e-05,True
"T_x__change_quantiles__f_agg_""var""__isabs_False__qh_0.6__ql_0.2","T_x__change_quantiles__f_agg_""var""__isabs_False__qh_0.6__ql_0.2",real,7.297624380438762e-05,True
"T_z__change_quantiles__f_agg_""var""__isabs_True__qh_0.4__ql_0.0","T_z__change_quantiles__f_agg_""var""__isabs_True__qh_0.4__ql_0.0",real,7.447476833512899e-05,True
T_y__fourier_entropy__bins_100,T_y__fourier_entropy__bins_100,real,7.556260549665434e-05,True
"F_y__change_quantiles__f_agg_""mean""__isabs_True__qh_1.0__ql_0.8","F_y__change_quantiles__f_agg_""mean""__isabs_True__qh_1.0__ql_0.8",real,7.977186139177087e-05,True
"F_y__change_quantiles__f_agg_""var""__isabs_True__qh_0.4__ql_0.0","F_y__change_quantiles__f_agg_""var""__isabs_True__qh_0.4__ql_0.0",real,8.086751085946032e-05,True
"F_x__change_quantiles__f_agg_""var""__isabs_False__qh_0.8__ql_0.4","F_x__change_quantiles__f_agg_""var""__isabs_False__qh_0.8__ql_0.4",real,8.23441639630049e-05,True
"T_x__agg_linear_trend__attr_""slope""__chunk_len_10__f_agg_""max""","T_x__agg_linear_trend__attr_""slope""__chunk_len_10__f_agg_""max""",real,8.409506212895855e-05,True
"F_y__agg_linear_trend__attr_""slope""__chunk_len_10__f_agg_""var""","F_y__agg_linear_trend__attr_""slope""__chunk_len_10__f_agg_""var""",real,8.655639449883874e-05,True
"F_z__change_quantiles__f_agg_""var""__isabs_False__qh_0.8__ql_0.2","F_z__change_quantiles__f_agg_""var""__isabs_False__qh_0.8__ql_0.2",real,8.655639449883874e-05,True
F_y__approximate_entropy__m_2__r_0.7,F_y__approximate_entropy__m_2__r_0.7,real,9.013225779703856e-05,True
"T_y__agg_linear_trend__attr_""intercept""__chunk_len_5__f_agg_""var""","T_y__agg_linear_trend__attr_""intercept""__chunk_len_5__f_agg_""var""",real,9.7741520274451e-05,True
"T_z__agg_linear_trend__attr_""stderr""__chunk_len_5__f_agg_""max""","T_z__agg_linear_trend__attr_""stderr""__chunk_len_5__f_agg_""max""",real,9.990841784241484e-05,True
"F_x__fft_coefficient__attr_""angle""__coeff_0","F_x__fft_coefficient__attr_""angle""__coeff_0",binary,0.00010082130151330506,True
"F_z__change_quantiles__f_agg_""mean""__isabs_True__qh_0.6__ql_0.4","F_z__change_quantiles__f_agg_""mean""__isabs_True__qh_0.6__ql_0.4",real,0.00010230263225787588,True
"T_z__change_quantiles__f_agg_""var""__isabs_True__qh_1.0__ql_0.2","T_z__change_quantiles__f_agg_""var""__isabs_True__qh_1.0__ql_0.2",real,0.00010371271779478798,True
"F_x__agg_linear_trend__attr_""intercept""__chunk_len_10__f_agg_""min""","F_x__agg_linear_trend__attr_""intercept""__chunk_len_10__f_agg_""min""",real,0.00010375797474617816,True
"T_z__linear_trend__attr_""pvalue""","T_z__linear_trend__attr_""pvalue""",real,0.00010588012035707456,True
T_z__longest_strike_below_mean,T_z__longest_strike_below_mean,real,0.00010842179556346925,True
"F_z__change_quantiles__f_agg_""mean""__isabs_True__qh_1.0__ql_0.4","F_z__change_quantiles__f_agg_""mean""__isabs_True__qh_1.0__ql_0.4",real,0.00011459225535588133,True
T_y__energy_ratio_by_chunks__num_segments_10__segment_focus_4,T_y__energy_ratio_by_chunks__num_segments_10__segment_focus_4,real,0.00011480736683890681,True
F_y__fourier_entropy__bins_10,F_y__fourier_entropy__bins_10,real,0.00011982579835046885,True
T_x__longest_strike_above_mean,T_x__longest_strike_above_mean,real,0.0001226949668308263,True
"F_z__agg_linear_trend__attr_""slope""__chunk_len_10__f_agg_""var""","F_z__agg_linear_trend__attr_""slope""__chunk_len_10__f_agg_""var""",real,0.00012435472634950257,True
"F_x__fft_aggregated__aggtype_""skew""","F_x__fft_aggregated__aggtype_""skew""",real,0.00012939560112848705,True
F_z__energy_ratio_by_chunks__num_segments_10__segment_focus_4,F_z__energy_ratio_by_chunks__num_segments_10__segment_focus_4,real,0.00012940445801405104,True
"T_y__change_quantiles__f_agg_""var""__isabs_False__qh_1.0__ql_0.8","T_y__change_quantiles__f_agg_""var""__isabs_False__qh_1.0__ql_0.8",real,0.0001310535076854177,True
T_x__fourier_entropy__bins_3,T_x__fourier_entropy__bins_3,real,0.00013135327563069566,True
F_y__longest_strike_above_mean,F_y__longest_strike_above_mean,real,0.0001350029816828281,True
"F_y__change_quantiles__f_agg_""mean""__isabs_True__qh_0.6__ql_0.2","F_y__change_quantiles__f_agg_""mean""__isabs_True__qh_0.6__ql_0.2",real,0.00014022010628545145,True
T_z__value_count__value_-1,T_z__value_count__value_-1,real,0.0001446770948117581,True
T_y__number_peaks__n_1,T_y__number_peaks__n_1,real,0.00014774567024731746,True
"F_y__change_quantiles__f_agg_""var""__isabs_True__qh_0.6__ql_0.0","F_y__change_quantiles__f_agg_""var""__isabs_True__qh_0.6__ql_0.0",real,0.00014860222173134356,True
"F_z__change_quantiles__f_agg_""var""__isabs_True__qh_0.8__ql_0.2","F_z__change_quantiles__f_agg_""var""__isabs_True__qh_0.8__ql_0.2",real,0.0001576430928543797,True
F_z__autocorrelation__lag_6,F_z__autocorrelation__lag_6,real,0.00016399885023345994,True
"F_z__fft_coefficient__attr_""real""__coeff_6","F_z__fft_coefficient__attr_""real""__coeff_6",real,0.00016399885023345994,True
"F_z__cwt_coefficients__coeff_9__w_5__widths_(2, 5, 10, 20)","F_z__cwt_coefficients__coeff_9__w_5__widths_(2, 5, 10, 20)",real,0.00016399885023345994,True
F_x__quantile__q_0.1,F_x__quantile__q_0.1,real,0.0001642260762475671,True
T_x__energy_ratio_by_chunks__num_segments_10__segment_focus_3,T_x__energy_ratio_by_chunks__num_segments_10__segment_focus_3,real,0.00017054976502720883,True
"F_z__agg_autocorrelation__f_agg_""mean""__maxlag_40","F_z__agg_autocorrelation__f_agg_""mean""__maxlag_40",real,0.00017054976502720883,True
"F_y__agg_autocorrelation__f_agg_""median""__maxlag_40","F_y__agg_autocorrelation__f_agg_""median""__maxlag_40",real,0.0001773462309574948,True
"T_y__agg_linear_trend__attr_""slope""__chunk_len_10__f_agg_""var""","T_y__agg_linear_trend__attr_""slope""__chunk_len_10__f_agg_""var""",real,0.0001992955735533115,True
F_y__autocorrelation__lag_3,F_y__autocorrelation__lag_3,real,0.0001992955735533115,True
T_y__longest_strike_below_mean,T_y__longest_strike_below_mean,real,0.0002103819446565015,True
T_x__sample_entropy,T_x__sample_entropy,real,0.00021880304264954714,True
F_z__mean_n_absolute_max__number_of_maxima_7,F_z__mean_n_absolute_max__number_of_maxima_7,real,0.0002194265995731537,True
F_z__permutation_entropy__dimension_3__tau_1,F_z__permutation_entropy__dimension_3__tau_1,real,0.00022005596459976425,True
"F_z__fft_coefficient__attr_""real""__coeff_3","F_z__fft_coefficient__attr_""real""__coeff_3",real,0.00022377846207553566,True
"F_z__change_quantiles__f_agg_""var""__isabs_True__qh_1.0__ql_0.4","F_z__change_quantiles__f_agg_""var""__isabs_True__qh_1.0__ql_0.4",real,0.00022377846207553566,True
"T_x__linear_trend__attr_""pvalue""","T_x__linear_trend__attr_""pvalue""",real,0.00022377846207553566,True
"T_x__agg_linear_trend__attr_""slope""__chunk_len_10__f_agg_""var""","T_x__agg_linear_trend__attr_""slope""__chunk_len_10__f_agg_""var""",real,0.00022377846207553566,True
"T_z__agg_linear_trend__attr_""intercept""__chunk_len_5__f_agg_""max""","T_z__agg_linear_trend__attr_""intercept""__chunk_len_5__f_agg_""max""",real,0.00023273841345837747,True
F_y__fourier_entropy__bins_3,F_y__fourier_entropy__bins_3,real,0.00025115037032956693,True
"T_z__change_quantiles__f_agg_""var""__isabs_False__qh_0.2__ql_0.0","T_z__change_quantiles__f_agg_""var""__isabs_False__qh_0.2__ql_0.0",real,0.00025313902410054284,True
"F_z__change_quantiles__f_agg_""mean""__isabs_True__qh_0.8__ql_0.4","F_z__change_quantiles__f_agg_""mean""__isabs_True__qh_0.8__ql_0.4",real,0.00025879633613578245,True
T_x__minimum,T_x__minimum,real,0.0002649363922188067,True
T_y__has_duplicate_min,T_y__has_duplicate_min,binary,0.0002718146414685544,True
F_x__count_below__t_0,F_x__count_below__t_0,real,0.0002750927077091519,True
"F_y__change_quantiles__f_agg_""var""__isabs_False__qh_0.2__ql_0.0","F_y__change_quantiles__f_agg_""var""__isabs_False__qh_0.2__ql_0.0",real,0.00027919307033479344,True
T_y__fourier_entropy__bins_10,T_y__fourier_entropy__bins_10,real,0.0002871515141810653,True
T_z__symmetry_looking__r_0.15000000000000002,T_z__symmetry_looking__r_0.15000000000000002,binary,0.00028928033820344636,True
F_x__autocorrelation__lag_6,F_x__autocorrelation__lag_6,real,0.00029787996674783925,True
"T_z__change_quantiles__f_agg_""var""__isabs_True__qh_0.2__ql_0.0","T_z__change_quantiles__f_agg_""var""__isabs_True__qh_0.2__ql_0.0",real,0.00030044128506982997,True
"T_x__change_quantiles__f_agg_""var""__isabs_False__qh_1.0__ql_0.6","T_x__change_quantiles__f_agg_""var""__isabs_False__qh_1.0__ql_0.6",real,0.0003370911567444504,True
F_z__last_location_of_maximum,F_z__last_location_of_maximum,real,0.00034368736190054037,True
T_y__fourier_entropy__bins_5,T_y__fourier_entropy__bins_5,real,0.00035662976241291114,True
F_z__lempel_ziv_complexity__bins_100,F_z__lempel_ziv_complexity__bins_100,real,0.00035810337045199826,True
F_x__approximate_entropy__m_2__r_0.3,F_x__approximate_entropy__m_2__r_0.3,real,0.0003724743498725543,True
F_x__maximum,F_x__maximum,real,0.0003822238284048108,True
T_z__count_below__t_0,T_z__count_below__t_0,real,0.00039629300496443683,True
"F_x__agg_linear_trend__attr_""intercept""__chunk_len_5__f_agg_""min""","F_x__agg_linear_trend__attr_""intercept""__chunk_len_5__f_agg_""min""",real,0.00040122844420135344,True
"F_y__agg_autocorrelation__f_agg_""mean""__maxlag_40","F_y__agg_autocorrelation__f_agg_""mean""__maxlag_40",real,0.00040945684927972146,True
"F_z__cwt_coefficients__coeff_14__w_2__widths_(2, 5, 10, 20)","F_z__cwt_coefficients__coeff_14__w_2__widths_(2, 5, 10, 20)",real,0.00040945684927972146,True
F_y__permutation_entropy__dimension_4__tau_1,F_y__permutation_entropy__dimension_4__tau_1,real,0.0004142839985994329,True
T_y__permutation_entropy__dimension_4__tau_1,T_y__permutation_entropy__dimension_4__tau_1,real,0.00041433301595197023,True
T_z__symmetry_looking__r_0.25,T_z__symmetry_looking__r_0.25,binary,0.000474354894755216,True
"T_x__change_quantiles__f_agg_""var""__isabs_True__qh_1.0__ql_0.6","T_x__change_quantiles__f_agg_""var""__isabs_True__qh_1.0__ql_0.6",real,0.0004954837444289137,True
T_x__ratio_beyond_r_sigma__r_1,T_x__ratio_beyond_r_sigma__r_1,real,0.0004983887518598969,True
T_y__permutation_entropy__dimension_5__tau_1,T_y__permutation_entropy__dimension_5__tau_1,real,0.0005010446940353304,True
F_y__last_location_of_minimum,F_y__last_location_of_minimum,real,0.000502025376888479,True
"F_y__change_quantiles__f_agg_""var""__isabs_True__qh_0.2__ql_0.0","F_y__change_quantiles__f_agg_""var""__isabs_True__qh_0.2__ql_0.0",real,0.0005059673137803334,True
T_x__fourier_entropy__bins_2,T_x__fourier_entropy__bins_2,real,0.0005067111865003204,True
"T_x__agg_autocorrelation__f_agg_""median""__maxlag_40","T_x__agg_autocorrelation__f_agg_""median""__maxlag_40",real,0.0005105164606837449,True
T_x__last_location_of_maximum,T_x__last_location_of_maximum,real,0.0005148371316288383,True
"T_z__agg_autocorrelation__f_agg_""mean""__maxlag_40","T_z__agg_autocorrelation__f_agg_""mean""__maxlag_40",real,0.0005294375040794224,True
"T_y__agg_linear_trend__attr_""slope""__chunk_len_10__f_agg_""max""","T_y__agg_linear_trend__attr_""slope""__chunk_len_10__f_agg_""max""",real,0.0005348361707899487,True
"T_x__agg_linear_trend__attr_""intercept""__chunk_len_10__f_agg_""min""","T_x__agg_linear_trend__attr_""intercept""__chunk_len_10__f_agg_""min""",real,0.0005379370611976764,True
F_y__quantile__q_0.8,F_y__quantile__q_0.8,real,0.0005449926578515368,True
F_y__number_crossing_m__m_1,F_y__number_crossing_m__m_1,real,0.0005473469206626968,True
F_x__number_crossing_m__m_1,F_x__number_crossing_m__m_1,real,0.0005588065562740244,True
"F_x__change_quantiles__f_agg_""var""__isabs_False__qh_1.0__ql_0.8","F_x__change_quantiles__f_agg_""var""__isabs_False__qh_1.0__ql_0.8",real,0.0005684897723374412,True
F_x__energy_ratio_by_chunks__num_segments_10__segment_focus_3,F_x__energy_ratio_by_chunks__num_segments_10__segment_focus_3,real,0.0005902943531162683,True
T_y__has_duplicate_max,T_y__has_duplicate_max,binary,0.000591015852091449,True
"T_z__agg_linear_trend__attr_""slope""__chunk_len_10__f_agg_""var""","T_z__agg_linear_trend__attr_""slope""__chunk_len_10__f_agg_""var""",real,0.0006118501399262374,True
T_y__ratio_beyond_r_sigma__r_2,T_y__ratio_beyond_r_sigma__r_2,real,0.0006313707364333147,True
T_x__energy_ratio_by_chunks__num_segments_10__segment_focus_4,T_x__energy_ratio_by_chunks__num_segments_10__segment_focus_4,real,0.0006344527674749754,True
"T_z__agg_linear_trend__attr_""intercept""__chunk_len_10__f_agg_""max""","T_z__agg_linear_trend__attr_""intercept""__chunk_len_10__f_agg_""max""",real,0.0006426563233850799,True
F_x__count_above_mean,F_x__count_above_mean,real,0.0006658516949938849,True
"T_x__change_quantiles__f_agg_""mean""__isabs_True__qh_0.8__ql_0.6","T_x__change_quantiles__f_agg_""mean""__isabs_True__qh_0.8__ql_0.6",real,0.000674116800314057,True
T_y__minimum,T_y__minimum,real,0.0006837637945920873,True
T_z__maximum,T_z__maximum,real,0.0006872200518621354,True
T_x__lempel_ziv_complexity__bins_2,T_x__lempel_ziv_complexity__bins_2,real,0.0007188879234719083,True
F_z__autocorrelation__lag_7,F_z__autocorrelation__lag_7,real,0.0007320525054987408,True
F_x__fourier_entropy__bins_2,F_x__fourier_entropy__bins_2,real,0.000765572519468133,True
"T_z__change_quantiles__f_agg_""var""__isabs_True__qh_0.8__ql_0.2","T_z__change_quantiles__f_agg_""var""__isabs_True__qh_0.8__ql_0.2",real,0.0007790070170259579,True
T_y__kurtosis,T_y__kurtosis,real,0.0007859210348852658,True
"F_x__change_quantiles__f_agg_""mean""__isabs_True__qh_0.4__ql_0.2","F_x__change_quantiles__f_agg_""mean""__isabs_True__qh_0.4__ql_0.2",real,0.0008089700334384253,True
"F_x__agg_linear_trend__attr_""slope""__chunk_len_10__f_agg_""var""","F_x__agg_linear_trend__attr_""slope""__chunk_len_10__f_agg_""var""",real,0.0008141274438382706,True
"T_x__fft_aggregated__aggtype_""variance""","T_x__fft_aggregated__aggtype_""variance""",real,0.0008142140508589987,True
F_z__count_below_mean,F_z__count_below_mean,real,0.0008153867457848948,True
T_z__symmetry_looking__r_0.1,T_z__symmetry_looking__r_0.1,binary,0.0008397743651799424,True
"F_z__agg_linear_trend__attr_""rvalue""__chunk_len_5__f_agg_""max""","F_z__agg_linear_trend__attr_""rvalue""__chunk_len_5__f_agg_""max""",real,0.0008704432819674461,True
T_z__partial_autocorrelation__lag_1,T_z__partial_autocorrelation__lag_1,real,0.000873610483589885,True
T_z__autocorrelation__lag_1,T_z__autocorrelation__lag_1,real,0.000873610483589885,True
"T_y__change_quantiles__f_agg_""var""__isabs_False__qh_0.2__ql_0.0","T_y__change_quantiles__f_agg_""var""__isabs_False__qh_0.2__ql_0.0",real,0.0009639199725727769,True
F_y__energy_ratio_by_chunks__num_segments_10__segment_focus_3,F_y__energy_ratio_by_chunks__num_segments_10__segment_focus_3,real,0.0009703498302275888,True
"T_z__change_quantiles__f_agg_""mean""__isabs_True__qh_0.8__ql_0.6","T_z__change_quantiles__f_agg_""mean""__isabs_True__qh_0.8__ql_0.6",real,0.000985158642361123,True
T_z__spkt_welch_density__coeff_5,T_z__spkt_welch_density__coeff_5,real,0.001004740105026468,True
"F_y__agg_linear_trend__attr_""slope""__chunk_len_5__f_agg_""min""","F_y__agg_linear_trend__attr_""slope""__chunk_len_5__f_agg_""min""",real,0.0010158639656994515,True
"F_x__change_quantiles__f_agg_""mean""__isabs_True__qh_0.6__ql_0.4","F_x__change_quantiles__f_agg_""mean""__isabs_True__qh_0.6__ql_0.4",real,0.0010166698756243397,True
T_z__minimum,T_z__minimum,real,0.0010258393618301702,True
T_x__approximate_entropy__m_2__r_0.5,T_x__approximate_entropy__m_2__r_0.5,real,0.0010761629617267387,True
T_y__energy_ratio_by_chunks__num_segments_10__segment_focus_3,T_y__energy_ratio_by_chunks__num_segments_10__segment_focus_3,real,0.001076984778995471,True
F_x__autocorrelation__lag_2,F_x__autocorrelation__lag_2,real,0.001076984778995471,True
"F_z__change_quantiles__f_agg_""mean""__isabs_True__qh_0.4__ql_0.2","F_z__change_quantiles__f_agg_""mean""__isabs_True__qh_0.4__ql_0.2",real,0.0010770103758923175,True
T_y__autocorrelation__lag_2,T_y__autocorrelation__lag_2,real,0.00111485346726571,True
"T_y__change_quantiles__f_agg_""mean""__isabs_True__qh_0.8__ql_0.6","T_y__change_quantiles__f_agg_""mean""__isabs_True__qh_0.8__ql_0.6",real,0.0011163917173994083,True
F_y__permutation_entropy__dimension_5__tau_1,F_y__permutation_entropy__dimension_5__tau_1,real,0.0011191887262578383,True
"F_z__change_quantiles__f_agg_""var""__isabs_True__qh_0.8__ql_0.4","F_z__change_quantiles__f_agg_""var""__isabs_True__qh_0.8__ql_0.4",real,0.0011502734083492308,True
"F_x__fft_aggregated__aggtype_""centroid""","F_x__fft_aggregated__aggtype_""centroid""",real,0.001153950063854321,True
"F_z__change_quantiles__f_agg_""mean""__isabs_True__qh_1.0__ql_0.6","F_z__change_quantiles__f_agg_""mean""__isabs_True__qh_1.0__ql_0.6",real,0.0011693813732659175,True
T_z__energy_ratio_by_chunks__num_segments_10__segment_focus_5,T_z__energy_ratio_by_chunks__num_segments_10__segment_focus_5,real,0.0011699332120137457,True
"F_y__agg_linear_trend__attr_""intercept""__chunk_len_5__f_agg_""max""","F_y__agg_linear_trend__attr_""intercept""__chunk_len_5__f_agg_""max""",real,0.0011734399596906658,True
"F_x__agg_linear_trend__attr_""intercept""__chunk_len_10__f_agg_""max""","F_x__agg_linear_trend__attr_""intercept""__chunk_len_10__f_agg_""max""",real,0.0011932819428622503,True
"T_y__agg_linear_trend__attr_""intercept""__chunk_len_10__f_agg_""min""","T_y__agg_linear_trend__attr_""intercept""__chunk_len_10__f_agg_""min""",real,0.0012201122804252498,True
"F_z__change_quantiles__f_agg_""var""__isabs_False__qh_1.0__ql_0.4","F_z__change_quantiles__f_agg_""var""__isabs_False__qh_1.0__ql_0.4",real,0.0012359716882823226,True
T_x__count_below__t_0,T_x__count_below__t_0,real,0.0012872581548138994,True
F_z__count_above_mean,F_z__count_above_mean,real,0.0013177128604977195,True
"T_z__change_quantiles__f_agg_""mean""__isabs_True__qh_0.6__ql_0.2","T_z__change_quantiles__f_agg_""mean""__isabs_True__qh_0.6__ql_0.2",real,0.0013836208352388355,True
"T_z__change_quantiles__f_agg_""mean""__isabs_True__qh_0.6__ql_0.4","T_z__change_quantiles__f_agg_""mean""__isabs_True__qh_0.6__ql_0.4",real,0.0014156500470008406,True
"F_y__change_quantiles__f_agg_""mean""__isabs_True__qh_0.6__ql_0.4","F_y__change_quantiles__f_agg_""mean""__isabs_True__qh_0.6__ql_0.4",real,0.001418841259908023,True
F_x__count_below_mean,F_x__count_below_mean,real,0.0014315639499575628,True
T_y__fourier_entropy__bins_3,T_y__fourier_entropy__bins_3,real,0.0014402630071109984,True
F_z__time_reversal_asymmetry_statistic__lag_2,F_z__time_reversal_asymmetry_statistic__lag_2,real,0.0014651450662337981,True
T_y__permutation_entropy__dimension_6__tau_1,T_y__permutation_entropy__dimension_6__tau_1,real,0.001466402332857097,True
"T_z__fft_aggregated__aggtype_""variance""","T_z__fft_aggregated__aggtype_""variance""",real,0.0015153655159495698,True
F_z__permutation_entropy__dimension_5__tau_1,F_z__permutation_entropy__dimension_5__tau_1,real,0.0015288814321481538,True
F_z__maximum,F_z__maximum,real,0.0016132893947187902,True
"F_z__change_quantiles__f_agg_""mean""__isabs_False__qh_1.0__ql_0.4","F_z__change_quantiles__f_agg_""mean""__isabs_False__qh_1.0__ql_0.4",real,0.0016461007556540165,True
T_z__variation_coefficient,T_z__variation_coefficient,real,0.0016471936962576493,True
"T_x__agg_linear_trend__attr_""intercept""__chunk_len_5__f_agg_""min""","T_x__agg_linear_trend__attr_""intercept""__chunk_len_5__f_agg_""min""",real,0.0016478965466938476,True
T_x__number_peaks__n_1,T_x__number_peaks__n_1,real,0.0017026999879081336,True
T_y__number_cwt_peaks__n_1,T_y__number_cwt_peaks__n_1,real,0.0017190813142292825,True
T_y__count_below__t_0,T_y__count_below__t_0,real,0.0017246060962352182,True
"T_x__change_quantiles__f_agg_""var""__isabs_True__qh_0.2__ql_0.0","T_x__change_quantiles__f_agg_""var""__isabs_True__qh_0.2__ql_0.0",real,0.001739092190081628,True
"F_z__change_quantiles__f_agg_""mean""__isabs_True__qh_1.0__ql_0.8","F_z__change_quantiles__f_agg_""mean""__isabs_True__qh_1.0__ql_0.8",real,0.0017788876068982507,True
T_x__quantile__q_0.1,T_x__quantile__q_0.1,real,0.0018205284067943485,True
F_y__has_duplicate_max,F_y__has_duplicate_max,binary,0.0018392114837488811,True
"F_y__cwt_coefficients__coeff_14__w_5__widths_(2, 5, 10, 20)","F_y__cwt_coefficients__coeff_14__w_5__widths_(2, 5, 10, 20)",real,0.0018521144483488554,True
"F_y__cwt_coefficients__coeff_13__w_2__widths_(2, 5, 10, 20)","F_y__cwt_coefficients__coeff_13__w_2__widths_(2, 5, 10, 20)",real,0.0018521144483488554,True
T_y__lempel_ziv_complexity__bins_3,T_y__lempel_ziv_complexity__bins_3,real,0.001857025936355828,True
T_y__quantile__q_0.1,T_y__quantile__q_0.1,real,0.0019055773728556536,True
F_z__time_reversal_asymmetry_statistic__lag_1,F_z__time_reversal_asymmetry_statistic__lag_1,real,0.0019144915510198052,True
F_x__quantile__q_0.2,F_x__quantile__q_0.2,real,0.0019229858615537748,True
F_y__quantile__q_0.7,F_y__quantile__q_0.7,real,0.0019326308153480144,True
"T_x__change_quantiles__f_agg_""var""__isabs_False__qh_0.2__ql_0.0","T_x__change_quantiles__f_agg_""var""__isabs_False__qh_0.2__ql_0.0",real,0.001981099239207106,True
T_z__large_standard_deviation__r_0.35000000000000003,T_z__large_standard_deviation__r_0.35000000000000003,binary,0.0019909473401262447,True
T_z__quantile__q_0.9,T_z__quantile__q_0.9,real,0.0020067584882956175,True

